reaction	kcat
12PPDRtex	180.0
12PPDStex	180.0
13PPDH2	10.0193056436704
13PPDH2_b	8.77203237400417
14GLUCANabcpp	180.0
14GLUCANtexi	180.0
23CAMPtex	180.0
23CCMPtex	180.0
23CGMPtex	180.0
23CUMPtex	180.0
23DAPPAtex	180.0
23DOGULNt4pp	180.0
23PDE2pp	24.9412421205754
23PDE4pp	24.9412421205754
23PDE7pp	24.9412421205754
23PDE9pp	24.9412421205754
26DAHtex	180.0
2AGPA120tipp	180.0
2AGPA140tipp	180.0
2AGPA141tipp	180.0
2AGPA160tipp	180.0
2AGPA161tipp	180.0
2AGPA180tipp	180.0
2AGPA181tipp	180.0
2AGPE120tipp	180.0
2AGPE140tipp	180.0
2AGPE141tipp	180.0
2AGPE160tipp	180.0
2AGPE161tipp	180.0
2AGPE180tipp	180.0
2AGPE181tipp	180.0
2AGPEAT120	4.27830584222986
2AGPEAT140	4.27830584222986
2AGPEAT141	4.27830584222986
2AGPEAT160	4.27830584222986
2AGPEAT161	4.27830584222986
2AGPEAT180	4.27830584222986
2AGPEAT181	4.27830584222986
2AGPG120tipp	180.0
2AGPG140tipp	180.0
2AGPG141tipp	180.0
2AGPG160tipp	180.0
2AGPG161tipp	180.0
2AGPG180tipp	180.0
2AGPG181tipp	180.0
2AGPGAT120	4.27830584222986
2AGPGAT140	4.27830584222986
2AGPGAT141	4.27830584222986
2AGPGAT160	4.27830584222986
2AGPGAT161	4.27830584222986
2AGPGAT180	4.27830584222986
2AGPGAT181	4.27830584222986
2DDARAA	5.21653540222097
2DDARAA_b	4.44671650209795
2DGLCptspp	180.0
2DGLCtex	180.0
2DGULRGx	4.98740807075617
2DGULRGy	7.94967517744325
2DGULRx	4.98740807075617
2DGULRy	7.94967517744325
2DOXG6PP	13.2447698987952
2HESR	10.0716945436083
2HPTCOAT	18.2921770402979
2MAHMP	7.5975929923852
34dhpactex	180.0
3AMACHYD	41.6517242342344
3AMPtex	180.0
3CMPtex	180.0
3GMPtex	180.0
3HAD100	4.39387451614104
3HAD120	4.39387451614104
3HAD121	4.39387451614104
3HAD140	4.7238623506414
3HAD141	4.39387451614104
3HAD160	4.7238623506414
3HAD161	4.39387451614104
3HAD180	4.39387451614104
3HAD181	4.39387451614104
3HAD40	4.39387451614104
3HAD60	4.7238623506414
3HAD80	4.39387451614104
3HBZCT	6.92589213957476
3HCINNMH	5.73475014712646
3HPADHi	5.3927538893854
3HPPPNH	5.73475014712646
3HPPtex	180.0
3KGK	7.7935251969048
3NTD2pp	26.0925894155051
3NTD4pp	21.9537427390778
3NTD7pp	26.0925894155051
3NTD9pp	26.0925894155051
3OAR100	8.24329298955517
3OAR100_b	5.66311126869771
3OAR120	4.4800608462323
3OAR120_b	5.66311126869771
3OAR121	3.76323216049135
3OAR140	4.26551759693818
3OAR140_b	5.66311126869771
3OAR141	3.76323216049135
3OAR160	3.19280138872202
3OAR160_b	5.66311126869771
3OAR161	3.76323216049135
3OAR180	5.17741184962385
3OAR180_b	5.06552584681538
3OAR181	1.27988953981167
3OAR40	8.24337196264866
3OAR40_b	5.06552584681538
3OAR60	8.24337196264866
3OAR60_b	5.66311126869771
3OAR80	8.24337196264866
3OAR80_b	5.66311126869771
3OAS100	5.92034460327097
3OAS120	5.92034460327097
3OAS121	1.87647496051425
3OAS140	4.19282309762856
3OAS141	1.87647496051425
3OAS160	5.92034460327097
3OAS161	1.87647496051425
3OAS180	5.92034460327097
3OAS181	1.31640661008089
3OAS60	5.92034460327097
3OAS80	5.92034460327097
3OXCOAT	6.59778308232384
3PEPTabcpp	6.16253252869977
3PEPTtex	180.0
3SLAR	7.48524159294397
3UMPtex	180.0
42A12BOOXpp	20.5167543333707
4ABZGLUH	35.4055116366341
4ABZGLUH_b	6.23040391550792
4ABZGLUtex	180.0
4ABZGLUtr	180.0
4HBZt3pp	180.0
4HOXPACDtex	180.0
4HTHRA	13.9136776986161
4HTHRA_b	3.33744250073237
4HTHRK	3.34738015798494
4HTHRS	13.5311904775331
4PCP	17.9131183641197
4PCPpp	12.2100308227317
4PEPTabcpp	6.17726180909412
4PEPTtex	180.0
5DGLCNR	44.1917064260468
5DGLCNt2rpp	180.0
5DGLCNtex	180.0
5DKGR	40.7055797862128
5DKGR_b	7.08438771382553
5DOAN	0.0299207198851433
5MTRtex	180.0
6D6SFK	7.41711643919261
6D6SPA	41.469124247573
A5PISO	37.2296643882805
A5PISO_b	83.0272448453371
AACPS1	0.415177196960515
AACPS2	3.76112320556721
AACPS3	2.16834205221814
AACPS4	2.44626436685676
AACPS5	2.06191272909666
AACPS6	3.76112320556721
AACPS7	1.67871775655375
AACPS8	3.76112320556721
AACPS9	0.00298546352020273
AACTOOR	5.22588898424484
AADDGT	7.02372014918449
AAMYL	12.2514628892924
AAMYLpp	10.5007897027625
AB6PGH	10.341849774767
ABTA	23.3858776716333
ABUTD	9.82711567839092
ABUTt2pp	180.0
ABUTtex	180.0
ACACCT	10.1045867962457
ACACT1r	47.9316975036025
ACACT1r_b	7.22516165822894
ACACt2pp	180.0
ACACT2r	50.1551506475236
ACACT2r_b	8.28007308107699
ACACT3r	40.7277313515213
ACACT3r_b	5.86685213809256
ACACT4r	49.3225731395513
ACACT4r_b	8.01083747359174
ACACT5r	40.7277313515213
ACACT5r_b	5.86685213809256
ACACT6r	44.4918869994071
ACACT6r_b	7.975868974899
ACACT7r	33.4229717576011
ACACT7r_b	5.77921156740107
ACACT8r	5.86685213809256
ACACT8r_b	12.3130464319242
ACACtex	180.0
ACALD	157.881311434786
ACALD_b	41.0772902141259
ACALDtex	180.0
ACALDtpp	180.0
ACANTHAT	6.00128652411287
ACBIPGT	3.61197336627097
ACCOAC	13.5464745532275
ACCOAL	6.84138279261006
ACGAL1PPpp	22.6470341696899
ACGAL1Ptex	180.0
ACGALtex	180.0
ACGAM1PPpp	22.6470341696899
ACGAM1Ptex	180.0
ACGAMK	8.57137535484602
ACGAMT	10.3954899567112
ACGAptspp	180.0
ACGAtex	180.0
ACGK	8.4
ACGS	228.0
ACHBS	24.2146880499225
ACKr	154.296915465516
ACKr_b	320.762753520128
ACLS	99.6353948883991
ACM6PH	4.83037995559269
ACMAMUT	6.82409057435941
ACMANAptspp	180.0
ACMANAtex	180.0
ACMUMptspp	180.0
ACMUMtex	180.0
ACNAMt2pp	180.0
ACNAMtex	180.0
ACNML	6.81788349495952
ACOAD1f	7.11827119414585
ACOAD1f_b	356.0
ACOAD1fr	18.4653911971493
ACOAD2f	141.171248093136
ACOAD2f_b	356.0
ACOAD3f	177.065139062978
ACOAD3f_b	356.0
ACOAD4f	141.171248093136
ACOAD4f_b	356.0
ACOAD5f	178.097602229689
ACOAD5f_b	356.0
ACOAD6f	177.843931399064
ACOAD6f_b	278.0
ACOAD7f	141.171248093136
ACOAD7f_b	128.0
ACOAD8f	141.171248093136
ACOAD8f_b	141.171248093136
ACOATA	31.4348629061135
ACOATA_b	31.4348629061135
ACODA	26.0
ACOLIPAabctex	180.0
ACONIs	25.0
ACONMT	10.3290088886071
ACONTa	53.0481222661386
ACONTa_b	12.702060036899
ACONTb	44.3822675925909
ACONTb_b	14.1669615376595
ACOTA	8.508720299453
ACOTA_b	12.9139520235646
ACOXT	6.89005553020675
ACOXT_b	6.89005553020675
ACP1_FMN	8.7518300449315
ACP1p	15.7032406798118
ACPPAT120	36.924305260043
ACPPAT140	36.924305260043
ACPPAT141	36.924305260043
ACPPAT160	24.4710071815017
ACPPAT161	14.8549990880405
ACPPAT180	36.924305260043
ACPPAT181	6.19497135686288
ACPS1	7.17340001902784
ACS	7.74158107713212
ACSERtex	180.0
ACSERtpp	180.0
ACt2rpp	180.0
ACt4pp	180.0
ACtex	180.0
ADA	33.0541357457718
ADCL	1.5530820637521
ADCS	1.82257631235063
ADD	10.1661537772165
ADEt2rpp	180.0
ADEtex	180.0
ADK1	31.0
ADK1_b	8.02077425530949
ADK3	14.7767439401705
ADK3_b	7.3380250082382
ADK4	6.62442182306535
ADK4_b	5.20258423265415
ADMDC	2.16143696367366
ADNCYC	51.2640144234606
ADNK1	0.008
ADNt2pp_copy1	180.0
ADNt2pp_copy2	180.0
ADNtex	180.0
ADNUC	9.47722204912371
ADOCBIK	3.60529488225729
ADOCBLabcpp	180.0
ADOCBLS	10.4218852696745
ADOCBLtonex	180.0
ADPRDP	5.01271223867661
ADPT	9.94959455216948
ADSK	85.0720534858788
ADSL1r	10.0
ADSL1r_b	12.1774551184445
ADSL2r	15.0
ADSL2r_b	13.6255610320451
ADSS	3.3
AGDC	17.6729642199055
AGM3PA	7.55355587820654
AGM3PApp	10.0950127452361
AGM3PH	4.06600945016315
AGM3Pt2pp	9.71671132192274
AGM4PA	7.55355587820654
AGM4PApp	10.0950127452361
AGM4PCP	17.9131183641197
AGM4PCPpp	12.2100308227317
AGM4PH	4.06600945016315
AGM4Pt2pp	9.71671132192274
AGMH	4.06600945016315
AGMHE	0.934695618341888
AGMT	13.3479399927695
AGMt2pp	9.71671132192274
AGMtex	180.0
AGPAT120	42.5161615804862
AGPAT140	42.5161615804862
AGPAT141	42.5161615804862
AGPAT160	136.0
AGPAT161	160.0
AGPAT180	42.5161615804862
AGPAT181	12.0367226800489
AGPR	6.95125327838478
AGPR_b	24.0
AGt3	180.0
AHCYSNS	0.0523365402118008
AHGDx	4.82665967492526
AHGDx_b	3.84509092381357
AI2abcpp	180.0
AI2K	3.6316462288739
AI2tex	180.0
AI2tpp	180.0
AICART	11.8847026786785
AICART_b	6.98569338680191
AIRC2	154.0
AIRC3	14.2250386671848
AIRC3_b	30.1326412593048
AKGDH	73.5351271880204
AKGt2rpp	180.0
AKGtex	180.0
ALAabcpp	180.0
ALAALAabcpp	180.0
ALAALAD	7.17711069342902
ALAALAr	171.897800219254
ALAALAr_b	28.3362824926326
ALAALAtex	180.0
ALAGLUE	6.70053017457135
ALAGLUE_b	6.70053017457135
ALAR	6.2099955014517
ALAR_b	7.12300955302751
ALAt2pp	180.0
ALAt4pp	180.0
ALATA_D2	8.67666543354302
ALATA_L	10.1733686206634
ALATA_L2	8.67666543354302
ALATA_L_b	26.1973199145951
ALAtex	180.0
ALAtpp	180.0
ALATRS	6.54026436603574
ALCD19	54.2201067396986
ALCD19_b	22.550645175314
ALCD2x	21.1013834797386
ALCD2x_b	10.5533836284025
ALDD19xr	5.13795333895422
ALDD19xr_b	6.35332337312877
ALDD2x	9.68776117812554
ALDD2y	5.82556844710157
ALDD3y	5.66323224437527
ALDD4	5.70265352420519
ALKP	13.8354553098106
ALLabcpp	180.0
ALLK	8.53540788201842
ALLPI	5.98679926956662
ALLPI_b	5.98679926956662
ALLTAMH2	10.6291000267471
ALLTAMH	22.6470341696899
ALLtex	180.0
ALLTN	9.84431651530832
ALLTNt2rpp	180.0
ALLTNtex	180.0
ALLULPE	7.0100863743819
ALLULPE_b	8.62007041767261
ALPATE160pp	5.51015809942923
ALPATG160pp	5.51015809942923
ALR2	7.21837245614033
ALR2x	7.34603584029288
ALR4x	5.94746483433418
ALTRH	7.66113765671388
AM3PA	7.55355587820654
AM4PA	7.55355587820654
AM4PCP	17.9131183641197
AMALT1	8.1445963560195
AMALT2	8.1445963560195
AMALT3	8.1445963560195
AMALT4	8.1445963560195
AMANAPEr	13.4208419454982
AMANAPEr_b	13.4208419454982
AMANK	9.41371178700294
AMAOTr	0.001
AMAOTr_b	7.97479082251521
AMMQLT8	0.0133419286015386
AMPMS2	0.007
AMPN	10.9966267301907
AMPNTAT	6.25521897159379
AMPTASECG	12.2318421292692
AMPTASEPG	12.2318421292692
AMPtex	180.0
ANHGMtex	180.0
ANHMK	10.2736379789841
ANPRT	5.0
ANS	17.2590808767831
AOBUTDs	25.0
AOXSr2	0.00177887784592734
AP4AH	15.8619296332902
AP4AS	9.73912172260244
AP5AH	22.6935382139956
APCS	4.26710833801534
APG3PAT120	9.87477281963863
APG3PAT140	9.87477281963863
APG3PAT141	9.87477281963863
APG3PAT160	7.13652466003536
APG3PAT161	6.33810777213502
APG3PAT180	9.87477281963863
APG3PAT181	5.4924414425035
APH120	5.64532486823644
APH140	5.64532486823644
APH141	5.64532486823644
APH160	5.64532486823644
APH161	5.64532486823644
APH180	5.64532486823644
APH181	5.64532486823644
APPLDHr	5.94746483433418
APPLDHr_b	5.52112613019445
APRAUR	0.32
ARABDI	7.54082956772798
ARABDI_b	7.54082956772798
ARAI	5.87769280281901
ARAI_b	5.87769280281901
ARBabcpp	180.0
ARBt2rpp	180.0
ARBt3ipp	180.0
ARBtex	180.0
ARBTNabcpp	180.0
ARBTNexs	25.0
ARBTNR1	14.1325789520922
ARBTNR2	14.1325789520922
ARBTNR3	14.1325789520922
ARBTptspp	180.0
ARBTtex	180.0
ARGabcpp	180.0
ARGAGMt7pp	180.0
ARGDC	32.4432385562773
ARGDCpp	30.6265997297014
ARGORNt7pp	180.0
ARGSL	11.0
ARGSL_b	11.8110161530733
ARGSS	2.8
ARGt3pp	180.0
ARGtex	180.0
ARGTRS	6.54026436603574
ARHGDx	7.38416285367725
ARHGDx_b	4.45119086529593
ARMEPNS	9.88480731519341
ASAD	11.6645773743091
ASAD_b	18.6337640884861
ASCBPL	12.2898542905242
ASCBptspp	180.0
ASCBtex	180.0
ASNN	7.54961253966413
ASNNpp	13.8996381142985
ASNS1	6.360662346572
ASNS2	19.0
ASNt2rpp	180.0
ASNtex	180.0
ASNTRS	6.54026436603574
ASO3t8pp	180.0
ASO3tex	180.0
ASP1DC	0.07
ASPabcpp	180.0
ASPCT	13.138414218614
ASPK	156.615656584062
ASPK_b	10.6147423842663
ASPO3	4.75412267252741
ASPO4	1.92184908723055
ASPO5	2.3137737375996
ASPO6	4.2
ASPT	14.7813586093928
ASPt2_2pp	180.0
ASPt2_3pp	180.0
ASPt2pp	180.0
ASPTA	12.8800134178269
ASPTA_b	21.5778026792875
ASPtex	180.0
ASPtpp	180.0
ASPTRS	6.54026436603574
ASR	14.4904842323542
AST	5.93045782748065
ATHRDHr	5.93571799059276
ATHRDHr_b	43.9976219143484
ATPHs	25.0
ATPPRT	3.7544744728258
ATPS4rpp	395.486610471369
ATPS4rpp_b	41.0558867475998
BALAt2pp	180.0
BALAtex	180.0
BETALDHx	6.68279883045761
BETALDHy	7.63898671760847
BGLA1	16.324331259361
BMOCOS	0.02
BMOGDS1	9.78017358694592
BMOGDS2	9.78017358694592
BPNT	84.8451257345241
BSORx	9.96477057818195
BSORy	8.17787745477089
BTNtex	180.0
BTS5	0.002
BUTCT	6.68041709674797
BUTSO3abcpp	180.0
BUTSO3tex	180.0
BUTt2rpp	180.0
BUTtex	180.0
BWCOGDS1	9.78017358694592
BWCOGDS2	9.78017358694592
BWCOS	4.67933517568821
CA2t3pp	180.0
CA2tex	180.0
CADVtpp	180.0
CAT	106.717501617949
CAt6pp	180.0
CBIAT	7.79958936375767
CBIAT_b	7.17415862680257
CBItonex	180.0
CBIuabcpp	180.0
CBL1abcpp	180.0
CBL1tonex	180.0
CBLAT	0.204043245148785
CBLAT_b	7.17415862680257
CBMD	25.0
CBMKr	22.0985712615015
CBMKr_b	21.8287269409359
CBPS	18.5317969992483
CCGS	5.97053657094509
CD2abcpp	180.0
CD2t3pp	180.0
CD2tex	180.0
CD2tpp	180.0
CDAPPA120	14.5905993785821
CDAPPA140	14.5905993785821
CDAPPA141	14.5905993785821
CDAPPA160	14.5905993785821
CDAPPA161	14.5905993785821
CDAPPA180	14.5905993785821
CDAPPA181	14.5905993785821
CDGR	7.34225466894063
CDGS	13.5311904775331
CDGUNPD	11.0171500568784
CDPMEK	4.08681070369138
CDPPH	20.9564430124409
CELBpts	180.0
CFAS160E	8.42750201034672
CFAS160G	8.42750201034672
CFAS180E	8.42750201034672
CFAS180G	8.42750201034672
CGLYabcpp	180.0
CGLYtex	180.0
CHLabcpp	180.0
CHLt2pp	180.0
CHLt3pp	180.0
CHLtex	180.0
CHOLATEtpp	180.0
CHOLD	5.36360113159844
CHOLID	5.46884904179311
CHORM	22.4670136651908
CHORS	42.0
CHRPL	0.543619102929351
CHTBSptspp	180.0
CHTBStex	180.0
CINNDO	8.48131124326115
CITL	81.3177019658477
CITt7pp	180.0
CITtex	180.0
CLBtex	180.0
CLIPAabctex	180.0
CLPNH120pp	12.8197036018068
CLPNH140pp	12.8197036018068
CLPNH141pp	12.8197036018068
CLPNH160pp	12.8197036018068
CLPNH161pp	12.8197036018068
CLPNH180pp	12.8197036018068
CLPNH181pp	12.8197036018068
CLPNS120pp	5.2334005566775
CLPNS120pp_b	4.949595302671
CLPNS140pp	5.2334005566775
CLPNS140pp_b	4.949595302671
CLPNS141pp	5.2334005566775
CLPNS141pp_b	4.949595302671
CLPNS160pp	0.247394389254112
CLPNS160pp_b	4.949595302671
CLPNS161pp	0.21079347427593
CLPNS161pp_b	4.949595302671
CLPNS180pp	5.2334005566775
CLPNS180pp_b	4.949595302671
CLPNS181pp	0.135608986592734
CLPNS181pp_b	4.949595302671
CLt3_2pp	180.0
CLtex	180.0
CLtipp	180.0
CMPN	9.72298155344663
CMPtex	180.0
CMtex	180.0
CMtpp	180.0
CO2tex	180.0
CO2tpp	180.0
COBALT2abcpp	180.0
COBALT2t3pp	180.0
COBALT2tex	180.0
COBALT2tpp	180.0
COLIPAabcpp	0.808873218866375
COLIPAabctex	180.0
COLIPAKpp	10.2269643957335
COLIPAPabctex	180.0
CPGNabcpp	180.0
CPGNexs	25.0
CPGNR1	14.1325789520922
CPGNR2	14.1325789520922
CPGNR3	14.1325789520922
CPGNtonex	180.0
CPH4S	4.6092320763004
CPL	10.2218166932244
CPMPS	1.13902792635075
CPPPGO	0.696852840385725
CPPPGO2	5.40405812820357
CRNabcpp	180.0
CRNBTCT	8.14837102939885
CRNBTCT_b	8.14837102939885
CRNCAL2	7.84494481662741
CRNCAR	36.7833834874228
CRNCAR_b	36.7833834874228
CRNCBCT	8.14837102939885
CRNCBCT_b	8.14837102939885
CRNCDH	9.8791774614638
CRNCDH_b	9.8791774614638
CRNDabcpp	180.0
CRNDCAL2	7.84494481662741
CRNDt2rpp	180.0
CRNDtex	180.0
CRNt2rpp	180.0
CRNt7pp	180.0
CRNt8pp	180.0
CRNtex	180.0
CS1tex	180.0
CS	31.4913433767798
CSND	14.3908252606217
CSNt2pp	180.0
CSNtex	180.0
CTBTabcpp	180.0
CTBTCAL2	7.84494481662741
CTBTt2rpp	180.0
CTECOAI6	32.7526628660403
CTECOAI6_b	32.7526628660403
CTECOAI7	32.7526628660403
CTECOAI7_b	55.0
CTECOAI8	32.7526628660403
CTECOAI8_b	41.7711881918955
CTPS2	11.0
CU1abcpp	180.0
CU1Opp	22.9970612997064
CU2abcpp	180.0
CU2tex	180.0
CU2tpp	180.0
CURR	7.65295096835558
CUt2pp	180.0
CUt3	180.0
CUtex	180.0
CXSAMS	10.5422327038766
CYANST	8.05395627705488
CYANSTpp	8.52388734035983
CYANtex	180.0
CYNTAH	4.75848947844236
CYNTt2pp	180.0
CYNTtex	180.0
CYSabc2pp	180.0
CYSabcpp	180.0
CYSDDS	8.29743706957731
CYSDS	3.73833877568561
CYSDtex	180.0
CYSItex	180.0
CYSItpp	180.0
CYSS	39.6398380856591
CYSSADS	6.70410633993799
CYSTA	7.05493128586977
CYStex	180.0
CYSTL	8.40984804863167
CYStpp	180.0
CYSTRS	6.54026436603574
CYTBD2pp	19.1000025991512
CYTBDpp	8.51627818790513
CYTBO3_4pp	45.3482514390652
CYTD	10.59607020381
CYTDH	9.72248156463871
CYTDK1	9.78144941091262
CYTDK2	10.1158531405334
CYTDt2pp_copy1	180.0
CYTDt2pp_copy2	180.0
CYTDtex	180.0
CYTK1	24.0
CYTK1_b	8.9119778017279
CYTK2	9.99748309362758
CYTK2_b	8.34021627303796
DAAD	0.212326005766108
DADA	33.0541357457718
DADK	4.81427669638384
DADK_b	3.92007383177679
DADNt2pp	180.0
DADNtex	180.0
DAGK120	6.37340143940361
DAGK140	6.37340143940361
DAGK141	6.37340143940361
DAGK160	6.37340143940361
DAGK161	6.37340143940361
DAGK180	6.37340143940361
DAGK181	6.37340143940361
DALAt2pp	180.0
DALAtex	180.0
DAMPtex	180.0
DAPAL	15.7440617950712
DAPDC	55.7009974553855
DAPE	84.0
DAPE_b	14.8363565861348
DAPtex	180.0
DASYN120	31.631520610796
DASYN140	31.631520610796
DASYN141	31.631520610796
DASYN160	111.484064976126
DASYN161	86.7116673035816
DASYN180	31.631520610796
DASYN181	44.6903126035828
DATPHs	25.0
DB4PS	0.34
DBTS	0.00379938258082894
DC6PDA	11.1035561824413
DC6PH	22.6470341696899
DCAtex	180.0
DCMPtex	180.0
DCTPD	4.31628619828794
DCYTD	10.59607020381
DCYTt2pp	180.0
DCYTtex	180.0
DDCAtexi	180.0
DDGALK	9.35832351964338
DDGLCNt2rpp	180.0
DDGLCNtex	180.0
DDGLK	7.67514104450385
DDPA	30.4744957510635
DDPGALA	6.3869982316261
DDPGALA_b	5.89027829518053
DGK1	10.0047946408752
DGK1_b	8.45670598626436
DGMPtex	180.0
DGSNt2pp	180.0
DGSNtex	180.0
DGUNC	5.94913740240481
DHACOAH	10.9780613420595
DHACOAH_b	10.9780613420595
DHAD1	420.0
DHAD2	139.0
DHAPT	44.351669172647
DHAtex	180.0
DHBD	0.936895016381711
DHBD_b	5.71796624690977
DHBS	0.509427511775445
DHBSH	12.8197036018068
DHBSZ3FEabcpp	180.0
DHCIND	5.16779470190159
DHCINDO	18.7533823196001
DHCURR	7.65295096835558
DHDPRy	14.0
DHDPS	11.0
DHFR	2.65203617251836
DHFR_b	4.42736783437002
DHFS	0.23
DHGLYH	25.0
DHMPTR	5.56551811436266
DHNAOT4	0.356291178941366
DHNCOAS	0.0529857234721957
DHNCOAT	0.683201038913556
DHNPA2r	2.91790367174636
DHNPA2r_b	5.77471066931013
DHNPTE	6.50749299599942
DHNPTE_b	6.50749299599942
DHORD2	38.5306805462644
DHORD5	0.00407857264841925
DHORDfum	3.28274965624399
DHORTS	9.66611921712663
DHORTS_b	14.3002400767693
DHPPD	5.16779470190159
DHPPDA2	0.32
DHPS2	0.371229170487303
DHPStex	180.0
DHPStr	180.0
DHPTDCs2	25.0
DHPTDNR	5.99250249426982
DHPTDNRN	4.83672099497515
DHPTPE	6.23343768080963
DHPTPE_b	6.23343768080963
DHQS	78.0
DHQTi	59.0
DIMPtex	180.0
DINSt2pp	180.0
DINStex	180.0
DKGLCNR1	7.50495570572763
DKGLCNR2x	4.98740807075617
DKGLCNR2y	7.94967517744325
D_LACt2pp	180.0
D_LACtex	180.0
DM_4crsol_c	3.41688678082287
DM_5drib_c	3.4184394105812
DM_aacald_c	12.8197036018068
DM_amob_c	3.28333714722111
DMATT	0.585096478864559
DM_mththf_c	3.39425059050586
DM_oxam_c	12.8197036018068
DMPPS	0.148088871232051
DMQMT	0.0219068585633886
DMSOR1	10.0465844885282
DMSOR1pp	13.0504166462609
DMSOR2	11.6405723416128
DMSOR2pp	13.0504166462609
DMSOtex	180.0
DMSOtpp	180.0
DMStex	180.0
DNMPPA	3.47298546198547
DNTPPA	3.45122103767822
DOGULNR	5.83820200407307
DOPAtex	180.0
DOXRBCNtex	180.0
DOXRBCNtpp	180.0
DPCOAK	1.33389682554036
DPR	0.518672695127365
DRPA	2.43103799110981
DSBAO1	4.93303445876218
DSBAO2	4.93303445876218
DSBCGT	4.61027471072257
DSBDR	95.9820545568523
DSBGGT	6.5560852954136
DSERDHr	7.0441397354614
DSERDHr_b	10.6384719001763
DSERt2pp	180.0
DSERtex	180.0
DTARTD	7.17026079129293
DTMPK	18.0
DTMPK_b	8.67347196877192
DTMPtex	180.0
DUMPtex	180.0
DURADx	6.93750206832537
DURADx_b	22.7222398931112
DURIK1	21.7906889741116
DURIPP	4.88887249825539
DURIPP_b	3.9488237038152
DURIt2pp	180.0
DURItex	180.0
DUTPDP	0.0263814182897123
DXPRIi	3.3
DXPS	1.1
DXYLK	7.98690145352878
DXYLONtex	180.0
DXYLTD	10.0373918643451
DXYLTD_b	10.0373918643451
E4PD	0.117179957550107
E4PD_b	0.134397015539724
E4PP	7.69522614026085
EAR100x	1.77608521380872
EAR100y	4.03455769786865
EAR120x	1.77608521380872
EAR120y	4.03455769786865
EAR121x	1.49190406602306
EAR121y	3.81484086552927
EAR140x	1.35081523236687
EAR140y	4.03455769786865
EAR141x	1.49190406602306
EAR141y	3.81484086552927
EAR160x	1.26576123437941
EAR160y	3.81484086552927
EAR161x	1.49190406602306
EAR161y	3.81484086552927
EAR180x	4.39490951111428
EAR180y	3.81484086552927
EAR181x	0.507402231738151
EAR181y	3.81484086552927
EAR40x	3.2680205804032
EAR40y	4.03455769786865
EAR60x	3.2680205804032
EAR60y	4.03455769786865
EAR80x	3.2680205804032
EAR80y	4.03455769786865
ECA4COLIPAabctex	180.0
ECA4OALpp	17.6458325266833
ECAP1pp	9.66340435185086
ECAP2pp	6.34828672805857
ECAP3pp	6.34828672805857
ECAtpp	29.3601534015691
ECOAH1	26.9093338335343
ECOAH1_b	12.0858394364867
ECOAH2	32.1731186850537
ECOAH2_b	13.5090398827475
ECOAH3	32.1934820696073
ECOAH3_b	13.5320841274986
ECOAH4	32.7894786514513
ECOAH4_b	13.6554266937406
ECOAH5	32.1975067467725
ECOAH5_b	13.531522603259
ECOAH6	24.9864478005271
ECOAH6_b	11.2054125246455
ECOAH7	24.2416058379824
ECOAH7_b	12.835497303321
ECOAH8	14.6480923425953
ECOAH8_b	11.2057502921497
EDA	2155.66943545417
EDD	92.8305552312845
EDTXS1	6.82122326168105
EDTXS2	3.79385723706577
EDTXS3	6.31794152342441
EDTXS4	13.2549225867173
EGMEACPR	3.0e-5
ENLIPAabctex	180.0
ENO	58.1848761721395
ENO_b	68.673625342829
ENTCS	3.35086834918046
ENTERES	13.5923766946336
EPMEACPR	3.0e-5
ETHAAL	71.1055373608447
ETHAtex	180.0
ETHSO3abcpp	180.0
ETHSO3tex	180.0
ETOHtex	180.0
ETOHtrpp	180.0
F1PP	3.28206581081228
F6PA	5.02373334184366
F6PA_b	11.4429682428518
F6PP	12.0135408265643
F6Pt6_2pp	180.0
F6Ptex	180.0
FA100ACPHi	32.2022536372637
FA120ACPHi	32.2022536372637
FA140ACPHi	32.2022536372637
FA141ACPHi	32.2022536372637
FA160ACPHi	32.2022536372637
FA161ACPHi	32.2022536372637
FA80ACPHi	32.2022536372637
FACOAE100	13.678526406088
FACOAE120	22.0
FACOAE140	8.44090400765777
FACOAE141	13.678526406088
FACOAE160	36.0
FACOAE161	43.0
FACOAE180	13.678526406088
FACOAE181	22.9493866299083
FACOAE60	13.678526406088
FACOAE80	0.00541425854537074
FACOAL100t2pp	7.91377087589054
FACOAL120t2pp	7.91377087589054
FACOAL140t2pp	7.91377087589054
FACOAL141t2pp	7.91377087589054
FACOAL160t2pp	7.91377087589054
FACOAL161t2pp	7.91377087589054
FACOAL180t2pp	7.91377087589054
FACOAL181t2pp	7.91377087589054
FACOAL60t2pp	7.91377087589054
FACOAL80t2pp	7.91377087589054
FADRx2	16.7144388326034
FADRx	303.0
FADt	180.0
FADtex	180.0
FALDH2	4.87786505085693
FALDH2_b	5.76332229126599
FALDtex	180.0
FALDtpp	180.0
FALGTHLs	25.0
FBA	103.561878025645
FBA3	29.2711483800407
FBA3_b	27.2430167123806
FBA_b	50.6456147443905
FBP	157.859884613081
FCI	7.54082956772798
FCI_b	7.54082956772798
FCLK	6.55692163777932
FCLPA	8.36158948703022
FCLPA_b	7.96759097242003
FCLT	1.30103467933211
FDH4pp	76.9849171370588
FDH5pp	3.15043503552138
FDMO2	6.29087964911215
FDMO3	6.29087964911215
FDMO4	6.29087964911215
FDMO	6.29087964911215
FDMO6	6.29087964911215
FE2abcpp	180.0
FE2t2pp	180.0
FE2t3pp	180.0
FE2tex	180.0
FE2tpp	180.0
FE3DCITabcpp	180.0
FE3DCITexs	25.0
FE3DCITR5	16.4614886518363
FE3DCITtonex	180.0
FE3DHBZS3R	5.79890677379566
FE3DHBZStonex	180.0
FE3HOXabcpp	180.0
FE3HOXexs	25.0
FE3HOXR1	14.1325789520922
FE3HOXR2	14.1325789520922
FE3HOXR3	14.1325789520922
FE3HOXtonex	180.0
FE3Ri	5.26176283862732
FE3tex	180.0
FECRMabcpp	180.0
FECRMexs	25.0
FECRMR1	14.1325789520922
FECRMR2	14.1325789520922
FECRMR3	14.1325789520922
FECRMtonex	180.0
FEENTERabcpp	180.0
FEENTERES	10.8968096821967
FEENTERexs	25.0
FEENTERR1	14.1325789520922
FEENTERR2	14.1325789520922
FEENTERR3	14.1325789520922
FEENTERR4	5.79890677379566
FEENTERtex	180.0
FEENTERtonex	180.0
FEENTERtpp	180.0
FEOXAMabcpp	180.0
FEOXAMexs	25.0
FEOXAMR1	7.12301822013926
FEOXAMR2	7.12301822013926
FEOXAMR3	7.12301822013926
FEOXAMtonex	180.0
FEROpp	3.28395809606657
FESD1s	25.0
FESD2s	25.0
FESR	4.94263743088984
FFSD	22.6470341696899
FHL	6.7523723830486
FLDR2	11.4800725699084
FLVR	4.64863027546045
FLVRx	6.27275024623321
FMETTRS	12.8197036018068
FMNAT	0.09
FMNRx2	5.60790271955258
FMNRx	5.98058042386664
FMNt	180.0
FMNtex	180.0
FOMETRi	6.10494911723952
FORCT	12.0784608676325
FORCT_b	12.0784608676325
FORt2pp	180.0
FORtex	180.0
FORtppi	180.0
FRD2	48.8046583918772
FRD3	37.3656163524736
FRUK	219.871561047833
FRULYSDG	47.1613388091059
FRULYSDG_b	9.99140521868654
FRULYSE	8.26488093467909
FRULYSE_b	8.26488093467909
FRULYSK	7.11984541878741
FRULYSt2pp	180.0
FRULYStex	180.0
FRUpts2pp	180.0
FRUptspp	180.0
FRUtex	180.0
FRUURt2rpp	180.0
FRUURtex	180.0
Ftex	180.0
FTHFD	55.6113261824479
FTHFLi	12.0883257323105
Ftpp	180.0
FUCtex	180.0
FUCtpp	180.0
FUM	438.012822340482
FUM_b	9.6171453462001
FUMt1pp	180.0
FUMt2_2pp	180.0
FUMt2_3pp	180.0
FUMtex	180.0
FUSAtex	180.0
FUSAtpp	180.0
G1PACT	16.0
G1PP	0.0797674465458344
G1PPpp	16.3010071173973
G1Ptex	180.0
G1PTT	7.67790795167168
G1SAT	0.168924501541162
G1SAT_b	6.6833968551003
G2PP	67.4405872256222
G2PPpp	21.0017209929976
G3PAT120	34.7185511909517
G3PAT140	34.7185511909517
G3PAT141	34.7185511909517
G3PAT160	49.4063744431873
G3PAT161	37.4175053228345
G3PAT180	34.7185511909517
G3PAT181	8.46991458184782
G3PCabcpp	180.0
G3PCtex	180.0
G3PD2	108.588027779767
G3PD2_b	42.9726094350002
G3PD5	17.6986182226431
G3PD6	39.149077156915
G3PD7	39.149077156915
G3PEabcpp	180.0
G3PEtex	180.0
G3PGabcpp	180.0
G3PGtex	180.0
G3PIabcpp	180.0
G3PItex	180.0
G3PSabcpp	180.0
G3PStex	180.0
G3PT	17.7430003261412
G5SADs	25.0
G5SD	14.0
G6PDA	15.5671218675882
G6PDH2r	163.678729835396
G6PDH2r_b	12.3459265445801
G6PP	0.00208115513686405
G6Pt6_2pp	180.0
G6Ptex	180.0
GAL1PPpp	10.2131134699155
GAL1Ptex	180.0
GALabcpp	180.0
GALBDtex	180.0
GALCTD	7.73272914476094
GALCTLO	5.64694381091642
GALCTND	12.0817807384531
GALCTNLt2pp	180.0
GALCTNLtex	180.0
GALCTNt2pp	180.0
GALCTNtex	180.0
GALCTt2rpp	180.0
GALCTtex	180.0
GALKr	86.8866356040527
GALKr_b	11.4950407883335
GALM2pp	9.36097510133393
GALS3	14.4447035079095
GALT1	9.12247253823189
GALt2pp	180.0
GALtex	180.0
GALTptspp	180.0
GALTtex	180.0
GALUi	1.30900572807743
GALURt2rpp	180.0
GALURtex	180.0
GAM6Pt6_2pp	180.0
GAMAN6Ptex	180.0
GAMptspp	180.0
GAMtex	180.0
GAPD	35.7649614246495
GAPD_b	70.0381260814935
GAPP	34.2295171481601
GARFT	112.0
GARFT_b	23.6754810704787
GART	0.12
GBBTNtex	180.0
GCALDD	0.0429060109254141
GDMANE	5.84979759306616
GDPDPK	5.84679084607549
GDPMNH	6.19300769135426
GDPMNP	12.2299655765177
GDPtex	180.0
GDPTPDP	8.6990148311021
GF6PTA	2.2
GGGABADr	5.51442024445757
GGGABADr_b	4.95179587352808
GGGABAH	16.7969392463763
GGPTRCO	11.8151570105411
GGPTRCS	5.04881721113684
GHBDHx	6.45309523398801
GHBDHx_b	5.78547966105236
GHMT2r	4.43933684472924
GHMT2r_b	8.96441322758818
GK1	42.0
GK1_b	10.1632223181602
GLBRAN2	8.6979639005214
GLCabcpp	180.0
GLCATr	7.45089023981007
GLCATr_b	7.45089023981007
GLCDpp	68.3525058092151
GLCNt2rpp	180.0
GLCNtex	180.0
GLCP2	8.41916898496515
GLCP	8.41916898496515
GLCptspp	180.0
GLCRAL	4.81595877778011
GLCRD	84.760994217943
GLCRt2rpp	180.0
GLCRtex	180.0
GLCS1	21.1202496280269
GLCt2pp	180.0
GLCtex_copy1	180.0
GLCtex_copy2	180.0
GLCTR1	17.7605080306089
GLCTR2	17.9905730992609
GLCTR3	10.8557719467887
GLCUR1Ptex	180.0
GLCURt2rpp	180.0
GLCURtex	180.0
GLDBRAN2	12.0076793406068
GLGC	11.4055353088469
GLNabcpp	180.0
GLNS	24.9302195019085
GLNtex	180.0
GLNTRS	6.54026436603574
GLTPD	4.80484263429064
GLTPD_b	5.80040086969086
GLU5K	25.0
GLUabcpp	180.0
GLUABUTt7pp	180.0
GLUCYS	0.0165119707806824
GLUDC	80.4671796115922
GLUDy	29.258245134103
GLUDy_b	185.0
GLUN	12.4312965588633
GLUNpp	5.07144077841572
GLUPRT	61.0
GLUR	13.4859997903367
GLUR_b	32.762171277202
GLUSy	9.24437268361056
GLUt2rpp	180.0
GLUt4pp	180.0
GLUtex	180.0
GLUTRR	12.1491081447529
GLUTRS	0.120344379706301
GLXCL	3.81995890025428
GLYALDtex	180.0
GLYALDtpp	180.0
GLYAT	19.5202533533525
GLYAT_b	16.0961503466412
GLYBabcpp	180.0
GLYBt2pp	180.0
GLYBt3pp	180.0
GLYBtex	180.0
GLYC2Pabcpp	180.0
GLYC2Ptex	180.0
GLYC3Pabcpp	180.0
GLYC3Pt6pp	180.0
GLYC3Ptex	180.0
GLYCAt2rpp	180.0
GLYCAtex	180.0
GLYCDx	9.07436584506882
GLYCK2	7.57928781022639
GLYCK	3.63395450143943
GLYCL	17.7319925689386
GLYCLTDx	12.0188378623327
GLYCLTDy	8.03893063993268
GLYCLTt2rpp	180.0
GLYCLTt4pp	180.0
GLYCLTtex	180.0
GLYCtex	180.0
GLYCTO2	3.42551556403819
GLYCTO3	3.28353278683241
GLYCTO4	3.28313773971342
GLYCtpp	180.0
GLYK	1.42274572189134
GLYOX	2609.26794703223
GLYOX3	42.1371456160758
GLYt2pp	180.0
GLYt4pp	180.0
GLYtex	180.0
GLYtpp	180.0
GLYTRS	6.54026436603574
GMAND	9.72394783647555
GMHEPAT	1.8061711658725
GMHEPK	1.8061711658725
GMHEPPA	23.3169310769599
GMPR	4.32739356849149
GMPS	18.8449876726474
GMPS2	5.0
GMPtex	180.0
GND	66.7611983218546
GNK	117.570990995235
GNP	3.57382272279548
GOFUCR	4.59109056305994
GP4GH	15.8619296332902
GPDDA1	14.4370563752109
GPDDA1pp	12.3521936260443
GPDDA2	14.4370563752109
GPDDA2pp	12.3521936260443
GPDDA3	14.4370563752109
GPDDA3pp	12.3521936260443
GPDDA4	14.4370563752109
GPDDA4pp	12.3521936260443
GPDDA5	14.4370563752109
GPDDA5pp	12.3521936260443
GRTT	0.585096478864559
GRXR	2.08168429864306
GSNK	12.4033324847194
GSNt2pp	180.0
GSNt3pp	180.0
GSNtex	180.0
GSPMDA	17.1915076828226
GSPMDS	10.5134422900573
GTHOr	5.50686501417287
GTHOr_b	4.75751325035118
GTHOXtex	180.0
GTHPi	11.5036707235437
GTHRDabc2pp	180.0
GTHRDabcpp	180.0
GTHRDHpp	14.6251536039818
GTHRDtex	180.0
GTHS	0.0165967054233192
GTPCI	0.00908518444447114
GTPCII2	0.12
GTPDPDP	19.4287147866981
GTPDPK	8.19083404537989
GTPHs	25.0
GTPtex	180.0
GUACYC	13.5311904775331
GUAD	12.3434475641483
GUAPRT	7.04964753908229
GUAt2pp	180.0
GUAtex	180.0
GUAtpp	180.0
GUI1	5.95572870045351
GUI1_b	5.95572870045351
GUI2	5.95572870045351
GUI2_b	5.95572870045351
GUR1PPpp	12.8197036018068
H2O2tex	180.0
H2Otex	180.0
H2Otpp	180.0
H2SO	14.1325789520922
H2St1pp	180.0
H2Stex	180.0
H2tex	180.0
H2tpp	180.0
HACD1	57.8494981269925
HACD1_b	6.22246300009095
HACD2	57.8983630936063
HACD2_b	6.25704495866425
HACD3	59.423158320646
HACD3_b	6.9754367307807
HACD4	57.5550750822299
HACD4_b	6.28449082904548
HACD5	59.2531488956125
HACD5_b	6.98183293351835
HACD6	55.4094643400599
HACD6_b	6.17608312220086
HACD7	50.5363737418265
HACD7_b	5.82917536506072
HACD8	35.7711244019367
HACD8_b	26.8249540642409
HADPCOADH3	6.17234523457795
HADPCOADH3_b	5.75735046248501
HBZOPT	0.567371613797198
HCINNMt2rpp	180.0
HCINNMtex	180.0
HCO3E	9.1
HCO3E_b	5.97805153408351
HCYSMT	10.7649039385675
HCYSMT2	10.7649039385675
HDCAtexi	180.0
HDCEAtexi	180.0
HEMEOS	0.445764498674099
HEPK1	9.74701540726299
HEPK2	12.150661503191
HEPT1	15.5612145346491
HEPT2	4.95176257517003
HEPT3	12.1013484522464
HEPT4	6.87430439124086
HETZK	9.98492026055118
HEX1	305.067211620742
HEX4	13.687225030818
HEX7	7.48538395020982
HEXt2rpp	180.0
HG2abcpp	180.0
HG2t3pp	180.0
HG2tex	180.0
HISabcpp	180.0
HISt2rpp	180.0
HISTD	3.1795960845827
HIStex	180.0
HISTP	3.8
HISTRS	6.54026436603574
HKNDDH	37.7623836733976
HKNTDH	40.4785951254567
HMBS	0.194692175869479
HMPK1	9.00256637955014
HOMt2pp	180.0
HOMtex	180.0
HOPNTAL	19.5741993920429
HPACOAT	9.43196005260989
HPPK2	0.313750394210426
HPPPNDO	18.7533823196001
HPPPNt2rpp	180.0
HPPPNtex	180.0
HPYRI	68.2906734786104
HPYRI_b	267.02594272906
HPYRP	13.5382564797121
HPYRRx	36.1816049123875
HPYRRy	49.8379866532823
HSDy	7.86168894408219
HSDy_b	111.890403442209
HSK	151.868642334337
HSST	8.53911941823882
HSTPT	5.95604008098527
Htex	180.0
HXAND	8.44448432836534
HXAtex	180.0
HXCT	6.68041709674797
HXPRT	7.04964753908229
HYD1pp	11.4603209935956
HYD2pp	12.3690225993407
HYD3pp	12.3690225993407
HYPOE	22.6470341696899
HYXNtex	180.0
HYXNtpp	180.0
I2FE2SR	3.28462902599731
I2FE2SS2	3.30165956241704
I2FE2SS	3.30275553856767
I2FE2ST	3.32432583544691
I4FE4SR	0.011359717623223
I4FE4ST	3.39630763544674
ICDHyr	11.0
ICDHyr_b	6.37753797673125
ICHORS	6.71948261035315
ICHORS_copy1	10.6047276455777
ICHORS_copy2	6.32674528403374
ICHORS_copy2_b	30.295743086643
ICHORT	0.113635978384975
ICL	4.84920199788896
ICYSDS	0.0215920627931895
IDOND2	26.4845496436311
IDOND	6.03208886180558
IDOND_b	29.1152175038775
IDONt2rpp	180.0
IDONtex	180.0
IG3PS	14.0623086215301
IGPDH	3.8
IGPS	5.0
ILEabcpp	180.0
ILEt2rpp	180.0
ILEt3pp	180.0
ILETA	10.1004168584709
ILETA_b	8.45874420054375
ILEtex	180.0
ILETRS	6.54026436603574
IMPC	10.1593467066937
IMPC_b	11.8847026786785
IMPD	1.8
IMPtex	180.0
INDOLEt2pp	180.0
INDOLEt2rpp	180.0
INDOLEtex	180.0
INOSTO	6.75581212870909
INOSTO_b	23.1856286761843
INOSTt4pp	180.0
INSH	9.47722204912371
INSK	12.0179446399117
INSt2pp	180.0
INSt3pp	180.0
INStex	180.0
INSTtex	180.0
IPDDI	6.67679651458127
IPDDI_b	1.15761426700864
IPDPS	0.888063877555547
IPMD	9.64357492966325
IPPMIa	48.3375841974961
IPPMIa_b	110.352952443697
IPPMIb	96.7379748902582
IPPMIb_b	277.255143103062
IPPS	10.0
ISETACabcpp	180.0
ISETACtex	180.0
K2L4Aabcpp	180.0
K2L4Aabctex	180.0
Kabcpp	180.0
KARA1	21.7085522706885
KARA1_b	3.78736509301032
KARA2	1.25856158095846
KARA2_b	6.01102216922935
KAS14	5.92034460327097
KAS15	14.9841776036285
KDOCT2	4.2
KDOPP	18.7248986850497
KDOPS	0.763830547473857
KDUI	9.85691693936135
KG6PDC	4.43089962500847
Kt2pp	180.0
Kt3pp	180.0
Ktex	180.0
LA4NTpp	7.71480612016353
LACZ	13.0144703891317
LACZpp	16.3292691246309
LADGMDH	11.2866253651575
LALADGLUtex	180.0
LALADGLUtpp	180.0
LALALGLUtex	180.0
LALALGLUtpp	180.0
LALDO2x	5.94746483433418
LALDO3	10.730580277584
LALGP	18.8214703548273
LCADi	4.62720290212769
LCARR	9.68776117812554
LCARS	7.01854335443396
LCARS_b	29.7627459908217
LCARSyi	40.5940989045039
LCTSt3ipp	180.0
LCTStex	180.0
LCTStpp	180.0
LDGUNPD	9.23547561261836
LDH_D2	9.8696185083081
LDH_D	8.65643947924285
LDH_D_b	20.8067764969771
LEUabcpp	180.0
LEUt2rpp	180.0
LEUt3pp	180.0
LEUTAi	37.5180492534449
LEUtex	180.0
LEUTRS	6.54026436603574
LGTHL	64.4189010282935
LIPAabcpp	16.3816873656339
LIPAabctex	180.0
LIPACabcpp	16.3816873656339
LIPAHT2ex	25.0
LIPAHTex	25.0
LIPAMPL	5.916114222538
LIPATPT	11.7706732280931
LIPOCT	0.00257808962634552
LIPOS	0.000241778468067115
LIPOtex	180.0
LKDRA	4.54058177114775
LKDRA_b	4.07364397216986
L_LACD2	17.477194593864
L_LACD3	17.477194593864
L_LACt2rpp	180.0
L_LACtex	180.0
LPADSS	52.0
LPLIPAL1A120pp	16.3194538084558
LPLIPAL1A140pp	16.3194538084558
LPLIPAL1A141pp	16.3194538084558
LPLIPAL1A160pp	16.3194538084558
LPLIPAL1A161pp	16.3194538084558
LPLIPAL1A180pp	16.3194538084558
LPLIPAL1A181pp	16.3194538084558
LPLIPAL1E120pp	16.3194538084558
LPLIPAL1E140pp	16.3194538084558
LPLIPAL1E141pp	16.3194538084558
LPLIPAL1E160pp	16.3194538084558
LPLIPAL1E161pp	16.3194538084558
LPLIPAL1E180pp	16.3194538084558
LPLIPAL1E181pp	16.3194538084558
LPLIPAL1G120pp	16.3194538084558
LPLIPAL1G140pp	16.3194538084558
LPLIPAL1G141pp	16.3194538084558
LPLIPAL1G160pp	16.3194538084558
LPLIPAL1G161pp	16.3194538084558
LPLIPAL1G180pp	9.27286448964064
LPLIPAL1G181pp	16.3194538084558
LPLIPAL2A120	78.6920349312527
LPLIPAL2A140	78.6920349312527
LPLIPAL2A141	78.6920349312527
LPLIPAL2A160	78.6920349312527
LPLIPAL2A161	78.6920349312527
LPLIPAL2A180	78.6920349312527
LPLIPAL2A181	78.6920349312527
LPLIPAL2ATE120	60.9399212836141
LPLIPAL2ATE140	60.9399212836141
LPLIPAL2ATE141	60.9399212836141
LPLIPAL2ATE160	60.9399212836141
LPLIPAL2ATE161	60.9399212836141
LPLIPAL2ATE180	60.9399212836141
LPLIPAL2ATE181	60.9399212836141
LPLIPAL2ATG120	60.9399212836141
LPLIPAL2ATG140	60.9399212836141
LPLIPAL2ATG141	60.9399212836141
LPLIPAL2ATG160	60.9399212836141
LPLIPAL2ATG161	60.9399212836141
LPLIPAL2ATG180	60.9399212836141
LPLIPAL2ATG181	60.9399212836141
LPLIPAL2E120	70.9551139784491
LPLIPAL2E140	70.9551139784491
LPLIPAL2E141	70.9551139784491
LPLIPAL2E160	70.9551139784491
LPLIPAL2E161	70.9551139784491
LPLIPAL2E180	70.9551139784491
LPLIPAL2E181	70.9551139784491
LPLIPAL2G120	70.9551139784491
LPLIPAL2G140	70.9551139784491
LPLIPAL2G141	70.9551139784491
LPLIPAL2G160	70.9551139784491
LPLIPAL2G161	70.9551139784491
LPLIPAL2G180	70.9551139784491
LPLIPAL2G181	70.9551139784491
LSERDHr	8.75928626340847
LSERDHr_b	6.54384597382893
LYSabcpp	180.0
LYSAM	6.60197172550686
LYSAM_b	6.60197172550686
LYSDC	31.2362234610073
LYSt2pp	180.0
LYSt3pp	180.0
LYStex	180.0
LYSTRS	6.54026436603574
LYXI	5.35167572464651
LYXt2pp	180.0
LYXtex	180.0
M1PD	6.18946170505935
M1PD_b	6.5760235412013
MACPD	8.85987966614543
MALCOAMT	0.00245481662751423
MALDDH	5.32855487393035
MALDt2_2pp	180.0
MALDtex	180.0
MALS	70.1659565032491
MALt2_2pp	180.0
MALt2_3pp	180.0
MALTabcpp	180.0
MALTATr	7.45089023981007
MALTATr_b	7.45089023981007
MALtex	180.0
MALTHXabcpp	180.0
MALTHXtexi	180.0
MALTPTabcpp	180.0
MALTptspp	180.0
MALTPTtexi	180.0
MALTtexi	180.0
MALTTRabcpp	180.0
MALTTRtexi	180.0
MALTTTRabcpp	180.0
MALTTTRtexi	180.0
MAN1PT2	8.43283823160346
MAN6PI	10.1957746136553
MAN6PI_b	13.4965738518818
MAN6Pt6_2pp	180.0
MAN6Ptex	180.0
MANAO	5.3890526219887
MANAO_b	5.89775281528862
MANGLYCptspp	180.0
MANGLYCtex	180.0
MANPGH	12.6451091022919
MANptspp	180.0
MANtex	180.0
MC6PH	42.8230486229967
MCITD	22.6714957215784
MCITL2	9.62180248466948
MCITL2_b	6.66152780293822
MCITS	7.91269582629219
MCOATA	16.3405813766365
MCOATA_b	12.901700505449
MCPST	9.52957749614555
MCTP1App	4.93247882186656
MCTP1Bpp	1.23246860390301
MCTP2App	0.608388066657058
MDDCP1pp	7.78333378888225
MDDCP2pp	0.373794511155472
MDDCP3pp	1.84914427838857
MDDCP4pp	3.70100063106254
MDDCP5pp	12.3954475664231
MDDEP1pp	1.49808180321955
MDDEP2pp	18.3123222720833
MDDEP3pp	1.75119947292763
MDDEP4pp	18.3123222720833
MDH2	150.315575924322
MDH3	3.34464481213215
MDH	7.2
MDH_b	59.0283029676531
ME1	135.338619967144
ME2	122.993573124826
MECDPDH5	3.8511448018947
MECDPS	3.38629696219554
MELIBt2pp	180.0
MELIBt3ipp	180.0
MELIBtex	180.0
MEOHtex	180.0
MEOHtrpp	180.0
MEPCT	13.9694726459131
MEPNabcpp	180.0
MEPNtex	180.0
METabcpp	180.0
METAT	0.0542946360539788
METDabcpp	180.0
METDtex	180.0
METGLCUR	9.98306523174808
METGLCURt2pp	180.0
METGLCURtex	180.0
METNA	7.25064876591939
METNA_b	7.25064876591939
METOX1s	25.0
METOX2s	25.0
METS	0.31
METSOX1tex	180.0
METSOX2tex	180.0
METSOXR1	32.0146989593031
METSOXR2	13.5216641984178
METt3pp	180.0
METtex	180.0
METTRS	6.54026436603574
MG2tex	180.0
MG2tpp	180.0
MG2uabcpp	180.0
MGSA	805.926305067497
MI1PP	67.4405872256222
MICITDr	37.564156745734
MICITDr_b	37.564156745734
MINCYCtex	180.0
MINCYCtpp	180.0
MLDCP1App	2.1446363890821
MLDCP1Bpp	9.43165489858234
MLDCP2App	9.43165489858234
MLDCP2Bpp	9.43165489858234
MLDCP3App	2.79595711420478
MLDEP1pp	4.41185684255258
MLDEP2pp	24.532646993107
MLTG1	14.9031987512286
MLTG2	14.9031987512286
MLTG3	0.445730546112667
MLTG4	0.445730546112667
MLTG5	0.445730546112667
MLTGY1pp	6.9761014205088
MLTGY2pp	6.9761014205088
MLTGY3pp	6.9761014205088
MLTGY4pp	6.9761014205088
MLTP1	8.4280132477343
MLTP1_b	3.38190933710789
MLTP2	8.4280132477343
MLTP2_b	3.38190933710789
MLTP3	8.4280132477343
MLTP3_b	3.38190933710789
MMCD	8.50809961482906
MMETt2pp	180.0
MMETtex	180.0
MMM	7.13686041960961
MN2t3pp	180.0
MN2tipp	180.0
MN2tpp	180.0
MN6PP	12.946525398015
MNLptspp	180.0
MNLtex	180.0
MNNH	33.7198546749132
MNt2pp	180.0
MNtex	180.0
MOADSUx	3.29875591487523
MOAT2	59.0
MOAT3C	15.8054508832196
MOAT	59.0
MOBDabcpp	180.0
MOBDtex	180.0
MOCDS	3.35992228435343
MOCOS	0.02
MOGDS	3.29832021636678
MOHMT	0.029624088079717
MOX	3.29693227872121
MPTAT	0.68
MPTG	12.8389409520264
MPTG2	0.474918771833212
MPTS	3.32685814425622
MPTSS	1.7
MSAR	6.02081435837576
MSO3abcpp	180.0
MSO3tex	180.0
MTAN	0.444460993907051
MTHFC	69.0
MTHFC_b	33.5048559640593
MTHFD	69.0
MTHFD_b	18.8282093195665
MTHFR2	3.72011217539015
MTHTHFSs	25.0
MTRPOX	5.10262669448315
N2Otex	180.0
N2Otpp	180.0
NACODA	22.6470341696899
NACtex	180.0
NADDP	4.93456729372366
NADH10	6.0730986057998
NADH16pp	699.450754301741
NADH17pp	53.9575791765669
NADH18pp	53.9279454930502
NADH5	6.0730986057998
NADH9	6.0730986057998
NADHHR	25.0
NADHHS	25.0
NADHPO	9.97267444166286
NADHXD	5.51175660716486
NADHXE	9.29941870599852
NADHXE_b	9.29941870599852
NADK	2.64096179762377
NADN	22.6470341696899
NADPHHR	25.0
NADPHHS	25.0
NADPHQR2	18.1561006422383
NADPHQR3	18.1561006422383
NADPHQR4	18.1561006422383
NADPHXD	5.54421888697013
NADPHXE	9.29941870599852
NADPHXE_b	9.29941870599852
NADPPPS	21.4753385719262
NADS1	0.122167138105439
NADTRHD	51.9313402919591
NAMNPP	7.65991161133188
NAt3_1p5pp	180.0
NAt3_2pp	180.0
NAt3pp	180.0
NAtex	180.0
NDP3	11.379820332083
NDP7	20.9564430124409
NDPK1	59.1963000296893
NDPK1_b	9.67741894601476
NDPK2	38.6801727600959
NDPK2_b	6.05596664911473
NDPK3	22.4070633631046
NDPK3_b	5.07134589760155
NDPK4	8.38052765338577
NDPK4_b	5.07134589760155
NDPK5	4.98904680464982
NDPK5_b	12.4124409421081
NDPK6	0.029991639009848
NDPK6_b	5.07134589760155
NDPK7	4.95149832289923
NDPK7_b	5.07134589760155
NDPK8	3.49684293835857
NDPK8_b	7.07829146361377
NH4tex	180.0
NH4tpp	180.0
NHFRBO	7.7120057266492
NI2abcpp	180.0
NI2t3pp	180.0
NI2tex	180.0
NI2tpp	180.0
NI2uabcpp	180.0
NMNAT	8.56879850392903
NMNDA	20.2428316763182
NMNN	9.72298155344663
NMNPtpp	180.0
NMNtex	180.0
NNAM	9.78994837774661
NNATr	5.32236823396501
NNATr_b	7.60371445073628
NNDMBRT	11.6285888435292
NNDPR	0.46
NO2t2rpp	180.0
NO2tex	180.0
NO3R1bpp	8.89065272191197
NO3R1pp	8.64883988249267
NO3R2bpp	10.7984207007903
NO3R2pp	8.64883988249267
NO3t7pp	180.0
NO3tex	180.0
NODOx	5.41256299739385
NODOy	7.55984792854927
NOtex	180.0
NOtpp	180.0
NOVBCNtex	180.0
NOVBCNtpp	180.0
NTD10	12.0378378856263
NTD10pp	15.8060012194203
NTD11	6.85848692170799
NTD11pp	15.8060012194203
NTD12	4.67691144447274
NTD12pp	15.8060012194203
NTD1	8.42233184067756
NTD1pp	15.8060012194203
NTD2	5.28666282406101
NTD2pp	17.3024053604118
NTD3	10.6917095572778
NTD3pp	15.8060012194203
NTD4	7.3273393941184
NTD4pp	17.3024053604118
NTD5	8.42233184067756
NTD5pp	15.8060012194203
NTD6	6.28235209377117
NTD6pp	15.8060012194203
NTD7	17.5269456107024
NTD7pp	17.3024053604118
NTD8	2.16536211916694
NTD8pp	15.8060012194203
NTD9	11.5424674218984
NTD9pp	17.3024053604118
NTP10	15.9448570262625
NTP11	9.63086192408184
NTP12	10.3226638115809
NTP1	9.23596612648813
NTP3	9.66703987066147
NTP3pp	11.7171019105839
NTP5	11.2622474817792
NTPP10	13.4963772115735
NTPP11	13.4963772115735
NTPP1	14.9811492626551
NTPP2	14.9811492626551
NTPP3	9.32263154247246
NTPP4	12.1207185944742
NTPP5	13.3568510646453
NTPP6	19.9287512702345
NTPP7	7.36065535534709
NTPP8	7.52114907689696
NTPP9	13.4963772115735
NTPTP1	18.4911010881758
NTPTP2	18.4911010881758
NTRIR2x	31.3414776416144
NTRIR3pp	13.4542965656053
NTRIR4pp	13.4542965656053
O16A4COLIPAabctex	180.0
O16A4Lpp	17.6458325266833
O16AP1pp	10.7326347222725
O16AP2pp	6.5852709536791
O16AP3pp	6.5852709536791
O16AT	10.0866261151077
O16AUNDtpp	17.9036203644542
O16GALFT	6.28813738741624
O16GLCT1	6.19703519832067
O16GLCT2	14.1325789520922
O2Stex	180.0
O2tex	180.0
O2tpp	180.0
OAADC	7.60892130006815
OBTFL	4.6710064327499
OCBT	20.0797810122274
OCBT_b	10.6277896303531
OCDCAtexi	180.0
OCDCEAtexi	180.0
OCTAtex	180.0
OCTDPS	1.28772688539305
OCTNLL	3.28347896738899
OGMEACPD	9.1e-5
OGMEACPR	5.26e-5
OGMEACPS	9.57e-5
OHPBAT	0.00167803910640036
OHPBAT_b	0.336712933665159
OHPHM	0.0219068585633886
OMBZLM	0.0133419286015386
OMCDC	25.0
OMMBLHX	0.052912548720704
OMMBLHX3	3.31883883080054
OMMBLHXy	5.26519589876188
OMPDC	58.9910628293098
OMPHHX	0.295482347833575
OMPHHXy	3.30405431459374
OP4ENH	8.32120067419343
OPHBDC	3.30832139753064
OPHHX	0.43501507610676
OPHHX3	3.31883883080054
OPHHXy	7.72563595203305
OPMEACPD	9.1e-5
OPMEACPR	5.26e-5
OPMEACPS	2.62e-5
ORNabcpp	180.0
ORNDC	36.1806204157884
ORNtex	180.0
OROTt2_2pp	180.0
OROTtex	180.0
ORPT	4.34390852749122
ORPT_b	80.8575378141401
OXAMTC	14.1325789520922
OXCDC	25.1652984052316
OXCOAHDH	6.58274734195207
OXDHCOAT	6.06330742855276
P5CD	48.9067788360235
P5CR	32.0
PA120abcpp	180.0
PA140abcpp	180.0
PA141abcpp	180.0
PA160abcpp	180.0
PA161abcpp	180.0
PA180abcpp	180.0
PA181abcpp	180.0
PACALDtex	180.0
PACCOAE	4.79906331523554
PACCOAL	8.27561050810826
PACOAT	9.43196005260989
PAI2I	3.53916021095346
PAI2T	3.43804149583395
PANTS	0.028018758934332
PAPA120	16.9676597109052
PAPA120pp	16.9676597109052
PAPA140	16.9676597109052
PAPA140pp	16.9676597109052
PAPA141	16.9676597109052
PAPA141pp	16.9676597109052
PAPA160	16.9676597109052
PAPA160pp	16.9676597109052
PAPA161	16.9676597109052
PAPA161pp	16.9676597109052
PAPA180	16.9676597109052
PAPA180pp	16.9676597109052
PAPA181	16.9676597109052
PAPA181pp	16.9676597109052
PAPPT3	70.0
PAPSR	100.558809027635
PAPSR2	2.40084005051582
PCNO	12.3580625736735
PCNO_b	12.2062522431945
PDE1	6.90950541323177
PDE4	8.78250755353721
PDH	147.301927177988
PDX5PO2	3.32750574421132
PDX5POi	0.03
PDX5PS	1.48129909978704
PDXPP	7.43237917930687
PE120abcpp	180.0
PE140abcpp	180.0
PE141abcpp	180.0
PE160abcpp	180.0
PE161abcpp	180.0
PE180abcpp	180.0
PE181abcpp	180.0
PEAMNOpp	20.5167543333707
PEAMNtex	180.0
PERD	0.02
PERD_b	0.42509131330408
PETNT161pp	7.10499831048079
PETNT181pp	7.10499831048079
PFK_2	15.0049993633707
PFK	278.0
PFK_3	108.169244504748
PFL	26.824997024954
PG120abcpp	180.0
PG140abcpp	180.0
PG141abcpp	180.0
PG160abcpp	180.0
PG161abcpp	180.0
PG180abcpp	180.0
PG181abcpp	180.0
PGAMT	7.49076096620309
PGAMT_b	4.0
PGCD	37.464286427222
PGI	129.94468556604
PGI_b	105.549374987197
PGK	16.0100104283114
PGK_b	114.571049242897
PGL	588.747629875143
PGLYCP	12.8240192629504
PGM	189.368885346935
PGM_b	276.485032638806
PGMT	129.542321434344
PGMT_b	71.9441726515919
PGP120abcpp	180.0
PGP140abcpp	180.0
PGP141abcpp	180.0
PGP160abcpp	180.0
PGP161abcpp	180.0
PGP180abcpp	180.0
PGP181abcpp	180.0
PGPP120	33.3731597285484
PGPP120pp	33.3731597285484
PGPP140	33.3731597285484
PGPP140pp	33.3731597285484
PGPP141	33.3731597285484
PGPP141pp	33.3731597285484
PGPP160	26.798450811193
PGPP160pp	33.3731597285484
PGPP161	25.527196271437
PGPP161pp	33.3731597285484
PGPP180	33.3731597285484
PGPP180pp	33.3731597285484
PGPP181	3.90009990403904
PGPP181pp	33.3731597285484
PGSA120	11.3233008256728
PGSA140	11.3233008256728
PGSA141	11.3233008256728
PGSA160	12.6592136826489
PGSA161	9.84665229189934
PGSA180	11.3233008256728
PGSA181	5.07458857570637
PHDA	9.32220683804572
PHEMEabcpp	180.0
PHEt2rpp	180.0
PHETA1	9.05553677971361
PHETA1_b	20.3139791833709
PHEtex	180.0
PHEtipp	180.0
PHETRS	6.54026436603574
PHYTSpp	11.7171019105839
PIt2rpp	180.0
PItex	180.0
PItpp	180.0
PIuabcpp	180.0
PLIPA1A120pp	19.2183185651919
PLIPA1A140pp	19.2183185651919
PLIPA1A141pp	19.2183185651919
PLIPA1A160pp	19.2183185651919
PLIPA1A161pp	10.7537996694691
PLIPA1A180pp	19.2183185651919
PLIPA1A181pp	10.7537996694691
PLIPA1E120pp	10.7537996694691
PLIPA1E140pp	10.7537996694691
PLIPA1E141pp	10.7537996694691
PLIPA1E160pp	19.2183185651919
PLIPA1E161pp	10.7537996694691
PLIPA1E180pp	19.2183185651919
PLIPA1E181pp	10.7537996694691
PLIPA1G120pp	10.7537996694691
PLIPA1G140pp	10.7537996694691
PLIPA1G141pp	10.7537996694691
PLIPA1G160pp	10.7537996694691
PLIPA1G161pp	10.7537996694691
PLIPA1G180pp	10.7537996694691
PLIPA1G181pp	10.7537996694691
PLIPA2A120pp	19.2183185651919
PLIPA2A140pp	19.2183185651919
PLIPA2A141pp	19.2183185651919
PLIPA2A160pp	19.2183185651919
PLIPA2A161pp	10.7537996694691
PLIPA2A180pp	19.2183185651919
PLIPA2A181pp	10.7537996694691
PLIPA2E120pp	10.7537996694691
PLIPA2E140pp	10.7537996694691
PLIPA2E141pp	10.7537996694691
PLIPA2E160pp	10.7537996694691
PLIPA2E161pp	10.7537996694691
PLIPA2E180pp	10.7537996694691
PLIPA2E181pp	10.7537996694691
PLIPA2G120pp	10.7537996694691
PLIPA2G140pp	10.7537996694691
PLIPA2G141pp	10.7537996694691
PLIPA2G160pp	10.7537996694691
PLIPA2G161pp	10.7537996694691
PLIPA2G180pp	9.94912056286888
PLIPA2G181pp	10.7537996694691
PMANM	8.4755108185456
PMANM_b	8.4755108185456
PMDPHT	0.215400054772666
PMEACPE	0.004
PMPK	0.5
PNSPA	7.97889534947856
PNTK	0.27
PNTOt4pp	180.0
PNTOtex	180.0
POAACR	9.04301914105289
POR5	6.40152230045654
POR5_b	9.23305898355569
POX	6.12785683575419
PPA2	3.32901422177842
PPA	68.9189154272571
PPAKr	4.30144019884974
PPAKr_b	8.68568584351256
PPALtex	180.0
PPAt4pp	180.0
PPAtex	180.0
PPBNGS	0.24
PPC	46.0
PPCDC	0.15
PPCK	60.7437517420101
PPCSCT	13.3447540146703
PPDOy	11.0650875369486
PPGPPDP	8.6990148311021
PPK2	6.23665409241565
PPK2r	12.8197036018068
PPK2r_b	0.0330976153708453
PPK	6.23665409241565
PPKr	12.8197036018068
PPKr_b	368.156156872851
PPM2	6.46472426311112
PPM2_b	8.87295574194234
PPM	5.33350755901341
PPM_b	44.3275828780912
PPNCL2	0.15
PPND	22.0
PPNDH	17.8653110991477
PPPGO3	0.184466497531518
PPPGO	3.32633594496724
PPPNDO	8.48131124326115
PPPNt2rpp	180.0
PPPNtex	180.0
PPS	195.856878553668
PPTHpp	19.440284535597
PPTtex	180.0
PRAGSr	20.0
PRAGSr_b	51.1837096140852
PRAIi	5.0
PRAIS	14.5830301099742
PRAMPC	22.0
PRASCSi	5.51462248092798
PRATPP	22.0
PRCPD	10.6920882280843
PRFGS	14.0
PRMICI	13.4800577512757
PRMICI_b	8.78925762287418
PROabcpp	180.0
PROD2	0.169010959151894
PROD3	6.90934583794074
PROGLYabcpp	180.0
PROGLYtex	180.0
PROt2rpp	180.0
PROt4pp	180.0
PROtex	180.0
PROTRS	6.54026436603574
PRPPS	17.0332729614286
PRPPS_b	36.947400853666
PSCLYSt2pp	180.0
PSCLYStex	180.0
PSCVT	21.0
PSCVT_b	10.0068223306195
PSD120	5.74534530970532
PSD140	5.74534530970532
PSD141	5.74534530970532
PSD160	6.7
PSD161	7.9
PSD180	5.74534530970532
PSD181	2.20365653517859
PSERT	37.4134199559911
PSERtex	180.0
PSP_L	2693.14210994718
PSP_Lpp	21.0017209929976
PSSA120	11.1279549747511
PSSA140	11.1279549747511
PSSA141	11.1279549747511
PSSA160	15.0
PSSA161	18.0
PSSA180	11.1279549747511
PSSA181	1.48400860358283
PSURIK	7.8456224702159
PSURItex	180.0
PSURItpp	180.0
PTA2	3.33574484275822
PTAr	325.69661009454
PTAr_b	165.651619616071
PTHRpp	21.0017209929976
PTPATi	1.28656250077213
PTRCabcpp	180.0
PTRCORNt7pp	180.0
PTRCt2pp	180.0
PTRCTA	8.49287900299281
PTRCtex	180.0
PUACGAMS	6.85147503011835
PUACGAMS_b	11.1805285354586
PUACGAMtr	180.0
PUNP1	3.58216518716408
PUNP1_b	0.01
PUNP2	0.161613505067713
PUNP2_b	3.58216518716408
PUNP3	3.61218245230292
PUNP3_b	0.797018233205693
PUNP4	0.797018233205693
PUNP4_b	3.61218245230292
PUNP5	3.61218245230292
PUNP5_b	3.61218245230292
PUNP6	3.61218245230292
PUNP6_b	3.61218245230292
PUNP7	18.5922898085779
PUNP7_b	18.5922898085779
PYAM5PO	3.3809994505017
PYDAMK	7.9498660634001
PYDAMtex	180.0
PYDXK	7.88288000368347
PYDXNK	7.9498660634001
PYDXNtex	180.0
PYDXPP	7.39349607059153
PYDXtex	180.0
PYK	117.269621287688
PYK2	3.28280292496259
PYK3	3.28314382507536
PYK4	3.28279311621632
PYK6	3.28311771871243
PYNP2r	5.33664385022243
PYNP2r_b	5.76393685859313
PYROX	7.40701886614873
PYRtex	180.0
QMO2	3.28379953890912
QMO3	3.67344216144375
QUIN2tex	180.0
QUINDH	5.28947600988182
QUINDHyi	8.31138565047014
QULNS	0.724280662050357
R15BPK	24.2199993725483
R1PK	22.4148082256332
R5PP	7.6212375081202
R5PPpp	21.0017209929976
R5Ptex	180.0
RBFK	0.09
RBFSa	0.0737204848470377
RBFSb	0.03
RBK	7.04937702292617
RBK_L1	7.72949835479362
RBP4E	5.38004036809284
RBP4E_b	6.37643326100858
REPHACCOAI	8.56416014799677
REPHACCOAI_b	8.56416014799677
RFAMPtex	180.0
RFAMPtpp	180.0
RHAT1	19.0103517848249
RHCCE	0.0156143146075014
RHMND	8.29965923722674
RHMND_b	8.29965923722674
RIBabcpp	180.0
RIBtex	180.0
RMI	5.35167572464651
RMI_b	5.35167572464651
RMK	6.32150383138407
RMNtex	180.0
RMNtpp	180.0
RMPA	8.28835858207763
RMPA_b	6.45858649757649
RNDR1	31.8462858930882
RNDR1b	6.85884192583395
RNDR2	33.6251684461842
RNDR2b	8.61983957121507
RNDR3	23.1463962552721
RNDR3b	5.86971862887959
RNDR4	0.29951252665605
RNDR4b	1.56860107820385
RNTR1c2	12.1134114172347
RNTR2c2	13.0634177806784
RNTR3c2	8.28107699735692
RNTR4c2	3.29516313117813
RPE	491.5502437377
RPE_b	234.737594641894
RPI	14.3838357545581
RPI_b	120.40415251836
RPNTPH	9.83517080876102
RU5PP	6.08420064497371
RZ5PP	11.9290138022234
S2FE2SR	8.50596574781977
S2FE2SS2	5.29079931198922
S2FE2SS	5.29079931198922
S2FE2ST	18.1800830767426
S4FE4SR	11.5118670178791
S4FE4ST	18.1800830767426
S7PI	1.63139027289837
SADH	15.0781276605754
SADT2	13.0123677341436
SARCOX	5.10262669448315
SBTPD	5.84761566870932
SBTPD_b	6.53829788537226
SBTptspp	180.0
SBTtex	180.0
SCYSDS	17.8650969005895
SDPDS	428.0
SDPTA	8.38446736006649
SDPTA_b	7.5
SELabcpp	180.0
SELCYSS	12.8197036018068
SELGTHR	14.1325789520922
SELGTHR2	9.77997281085205
SELGTHR3	9.77997281085205
SELNPS	7.28575100661646
SELR	6.11071541451978
SELtex	180.0
SELtpp	22.6470341696899
SEPHCHCS	1.47410682561451
SERASr	0.209117787538849
SERASr_b	7.15844114002346
SERAT	38.0
SERAT_b	10.157757624107
SERD_D	15.8474194403512
SERD_L	33.1249150534487
SERt2rpp	180.0
SERt4pp	180.0
SERtex	180.0
SERtpp	180.0
SERTRS2	6.54026436603574
SERTRS	6.54026436603574
SFGTHi	13.8336211394513
SGDS	15.825706161739
SGSAD	4.84128359060696
SHCHCS3	3.50210030846351
SHCHD2	0.34
SHCHF	0.34
SHGO	12.3450146303109
SHK3Dr	28.1553987688921
SHK3Dr_b	7.54006725425595
SHKK	32.4949661754608
SHSL1	10.0
SKMt2pp	180.0
SKMtex	180.0
SLNTabcpp	180.0
SLNTtex	180.0
SLNTtpp	22.6470341696899
SO2tex	180.0
SO2tpp	180.0
SO3tex	180.0
SO4t2pp	180.0
SO4tex	180.0
SOTA	7.9106756849236
SPMDabcpp	180.0
SPMDAT1	9.74904608686967
SPMDAT2	9.74904608686967
SPMDt3pp	180.0
SPMDtex	180.0
SPMS	0.993811031248455
SPODM	4.46670653180314
SPODMpp	13.2100159747178
SQGH	11.4611602967879
SQtex	180.0
SQtr	180.0
SQVOSI	14.6479591443544
SSALx	1.85198942878732
SSALy	32.0280109910669
SUCASPtpp	180.0
SUCBZL	1.39673307324372
SUCBZS	0.61138890662873
SUCCt1pp	180.0
SUCCt2_2pp	180.0
SUCCt2_3pp	180.0
SUCCtex	180.0
SUCDi	188.924437140568
SUCFUMtpp	180.0
SUCMALtpp	180.0
SUCOAS	5.13659347260333
SUCOAS_b	42.5845389491717
SUCptspp	180.0
SUCRtex	180.0
SUCTARTtpp	180.0
SULabcpp	180.0
SULFACabcpp	180.0
SULFACtex	180.0
SULR	6.02573911039186
SULRi	9.68776117812554
T2DECAI	2.04743283973816
T2DECAI_b	4.69482933757065
TAGURr	5.49415034353821
TAGURr_b	5.96746421768547
TALA	30.2656512306736
TALA_b	12.5008625464818
TARTD	22.0816112336816
TARTRDtex	180.0
TARTRt7pp	180.0
TARTRtex	180.0
TARTt2_3pp	180.0
TAUDO	5.81896337114245
TAURabcpp	180.0
TAURtex	180.0
TCYNTtex	180.0
TDP	7.67399226946877
TDPADGAT	7.16428041109659
TDPAGTA	7.31569220491032
TDPDRE	3.91046418939074
TDPDRR	1.22603165516902
TDPGDH	7.06844849399563
TDSK	16.7126625970639
TDSR1	180.0
TDSR2	180.0
TEO2M	8.02979614061208
TGBPA	17.3211657042649
TGBPA_b	21.5106952985364
THD2pp	6.8670545591118
ThDPAT	8.00707222190863
THDPS	2.4
THFAT	6.51408479417205
THIORDXi	26.7081760308423
THMabcpp	180.0
THMDt2pp_copy1	180.0
THMDt2pp_copy2	180.0
THMDtex	180.0
THMtex	180.0
THRA	17.3714931361751
THRA2	65.0207730024042
THRA2i	13.5311904775331
THRabcpp	180.0
THRAi	13.5311904775331
THRD	30.1104369946513
THRD_L	72.4442343685591
THRPtex	180.0
THRS	28.6460085431503
THRt2pp	180.0
THRt2rpp	180.0
THRt4pp	180.0
THRtex	180.0
THRTRS	6.54026436603574
THYMtex	180.0
THZPSN3	0.150831209620209
TKT1	86.4269139876146
TKT1_b	10.9576500530258
TKT2	129.988812763387
TKT2_b	9.36169757281227
TMAOR1	10.0465844885282
TMAOR1pp	11.3096437646949
TMAOR2	11.6405723416128
TMAOR2pp	11.3096437646949
TMAOtex	180.0
TMAtex	180.0
TMDK1	8.46642382814223
TMDPP	6.2019908206647
TMDPP_b	6.2019908206647
TMDS	7.4
TMK	6.11462720336892
TMPK	0.23
TMPPP	0.0214258833324572
TPI	193.906572544439
TPI_b	129.23324311666
TPRDCOAS	16.2714114428206
TRDR	35.4580895556515
TRE6PH	14.4982404650522
TRE6PP	11.7689348811775
TRE6PS	7.91314238864529
TREH	18.2998718885334
TREHpp	20.4250792633978
TREptspp	180.0
TREtex	180.0
TRPAS2	28.98710156221
TRPAS2_b	5.0
TRPS1	54.6504588981143
TRPS2	71.4293253002498
TRPS3	88.2049040495694
TRPt2rpp	180.0
TRPtex	180.0
TRPtipp	180.0
TRPTRS	6.54026436603574
TRSARr	28.6731048574488
TRSARr_b	80.2014089960751
TSULabcpp	180.0
TSULtex	180.0
TTDCAtexi	180.0
TTDCEAtexi	180.0
TTRCYCtex	180.0
TTRCYCtpp	180.0
TUNGSabcpp	180.0
TUNGStex	180.0
TYMtex	180.0
TYRL	0.0143369406308285
TYROXDApp	20.5167543333707
TYRPpp	15.6674143737912
TYRPtex	180.0
TYRt2rpp	180.0
TYRTA	7.80073017029772
TYRTA_b	12.096336840044
TYRtex	180.0
TYRtipp	180.0
TYRTRS	6.54026436603574
U23GAAT	36.0
UAAGDS	8.0
UACGALPpp	4.29065074800568
UACGAMPpp	4.29065074800568
UACGAMtex	180.0
UACMAMO	5.726958245789
UAG2E	3.94877616119486
UAG2E_b	3.94877616119486
UAGAAT	2.44977186579031
UAGAAT_b	21.6425991513373
UAGCVT	3.3
UAGDP	16.0
UAGPT3	17.0
UAMAGS	29.0
UAMAS	14.0
UAPGR	43.0
UDCPDP	23.7281625729441
UDCPDPpp	26.4872899377807
UDCPDPS	0.14
UDCPPtppi	12.8197036018068
UDPACGALtex	180.0
UDPG4E	53.1524935888073
UDPG4E_b	121.10253184581
UDPGALM	8.94950886449833
UDPGALPpp	4.29065074800568
UDPGALtex	180.0
UDPGD	8.35689008733074
UDPGDC	3.96269305821496
UDPGLCURtex	180.0
UDPGPpp	4.29065074800568
UDPGPT	7.50801435329467
UDPGPT_b	7.50801435329467
UDPGtex	180.0
UDPKAAT	6.93633528106696
UDPKAAT_b	8.17613942231003
UGCIAMH	16.7185097291515
UGLCURPpp	4.29065074800568
UGLT	80.5344342196906
UGLT_b	5.2025136344983
UGLYCH	9.32990956289489
UGMDDS	16.0
UHGADA	21.0
ULA4NFT	4.56427321655228
ULA4Ntppi	10.1089184986542
UM3PL	7.79882868786899
UM4PCP	17.9131183641197
UM4PL	7.79882868786899
UMPK	26.5565496634357
UMPK_b	9.14456100180362
UMPtex	180.0
UPLA4FNF	27.9908309721225
UPLA4FNT	10.2677467833159
UPP3MT	0.112264526711574
UPP3S	1.0
UPPDC1	0.81
UPPRT	8.99468052267482
URACPAH	11.3033957407599
URAt2pp	180.0
URATEtex	180.0
URATEtpp	180.0
URAtex	180.0
URDGLYCD	4.85857997201296
UREAtex	180.0
UREAtpp	180.0
URIC	5.22588898424484
URIH	9.72248156463871
URIK1	9.78144941091262
URIK2	10.1158531405334
URIt2pp_copy1	180.0
URIt2pp_copy2	180.0
URItex	180.0
USHD	16.5941999635267
VALabcpp	180.0
VALt2rpp	180.0
VALt3pp	180.0
VALTA	8.28061648420117
VALTA_b	19.0532877363441
VALtex	180.0
VALTRS	6.54026436603574
VPAMTr	17.8309398407416
VPAMTr_b	49.2529379595513
WCOS	4.67933517568821
X5PL3E	6.85935268596047
XAND	8.44448432836534
XANt2pp	180.0
XANtex	180.0
XMPtex	180.0
XPPT	5.61409039436033
XTSNH	9.47722204912371
XTSNt2rpp	180.0
XTSNtex	180.0
XYHDL	9.34074844522538
XYLabcpp	180.0
XYLI1	6.88501156036144
XYLI1_b	6.88501156036144
XYLI2	6.50195825224657
XYLI2_b	8.43955340625552
XYLK2	8.49633380346128
XYLK	6.38081875530872
XYLt2pp	180.0
XYLtex	180.0
XYLUt2pp	180.0
XYLUtex	180.0
YUMPS	7.31518304078335
YUMPS_b	7.20073662862541
ZN2abcpp	180.0
ZN2t3pp	180.0
Zn2tex	180.0
ZN2tpp	180.0
ZNabcpp	180.0
