gene_product	mass	kind
b0688	58.361	
b0832	33.238	
b0586	141.991	
b3772	56.195	Homotetramer
b1759	15.046	Monomer
b4283	10.344	
b3850	21.226	Homotetramer
b1884	32.849	
b3428	93.173	
b2143	31.54	Homodimer
b2988	70.532	Homodimer
b2314	22.938	
b2341	77.072	Heterotetramer
b2355	18.252	
b2529	13.849	Homodimer
b0164	29.863	
b3676	12.779	
b1404	44.281	
b0316	34.866	
b4110	32.899	
b0386	28.145	
b2152	43.394	
b1627	20.898	
b4048	26.673	
b2005	13.899	
b2673	9.139	
b3047	28.492	
b3947	91.774	
b3939	41.55	Homotetramer
b1427	20.681	
b4802	3.574	
b3683	39.692	
b1913	68.188	
b0179	36.038	Homotrimer
b4299	29.877	
b2119	39.682	
b4739	4.303	
b2981	44.674	
b0651	33.823	
b1279	11.351	
b2959	12.881	
b1264	57.494	Heterotetramer
b2827	30.48	Homodimer
ECOK12F003	16.463	
b0292	24.517	
b1633	23.562	Monomer
b3333	44.54	
b2110	26.589	
b1482	15.088	
b0139	95.499	
b0285	33.858	Heterotrimer
b2900	11.905	Monomer
b3938	12.141	Homodimer
b2343	10.318	
b0020	34.284	
b2575	27.27	
b3190	9.452	
b2490	15.577	
b4045	8.325	
b2040	32.694	Homodimer
b3377	46.516	
b3445	19.565	
b3191	10.68	
b4314	18.111	
b4302	15.638	
b3617	43.117	Homodimer
b0992	40.097	
b1894	9.868	
b4166	43.073	Monomer
b4136	61.795	
b0932	98.919	
b2258	14.085	Heterodimer
JW5914	37.851	
b0291	91.229	
b1452	38.613	Monomer
b3725	29.027	
b0520	29.597	
JW5903	35.098	
b1734	50.513	Homotetramer
b2861	13.452	
b0080	37.999	Homotetramer
b0804	25.529	
b2787	49.141	Homodimer
b4310	39.572	Homodimer
b1562	5.737	
b3460	39.076	
b3691	47.077	
b1833	48.273	
b0998	22.574	
b0400	49.629	
b4174	45.545	
b4731	4.432	
b3554	25.663	
b4548	7.861	
b0335	69.351	
b2631	13.665	
b0384	11.687	
b3553	35.396	Homodimer
b1345	47.539	
b2780	60.374	Homodimer
b0891	22.497	Monomer
b2578	21.248	
b4115	46.843	Homodimer
b0397	118.721	Heterodimer
b2172	54.032	
b1263	56.87	Heterotetramer
b0903	85.357	Homodimer
b1044	11.194	
b2181	12.525	
b2470	113.047	
b1053	43.867	
b0896	30.826	Heterotrimeric
b2899	23.847	
b2054	19.962	
b3410	8.66	
b4398	26.125	
b0450	12.259	Homotrimer
b1421	58.899	
b3923	16.293	
b3186	11.564	
b3652	76.43	
b1904	11.741	
b1716	13.497	
b3674	19.188	
b2235	43.517	Tetramer
b4775	3.858	
b3008	43.212	Homotetramer
b1462	20.967	
b1967	31.19	Homodimer
b0694	25.362	
b1068	33.682	
b1590	30.524	
b4511	8.271	
b4486	103.403	
b3889	8.408	
b1197	63.637	Monomer
b3563	12.555	
b3949	37.086	
b1808	70.378	
b1490	53.178	
b3507	20.408	
b3728	37.024	
b1812	50.97	Monomer
b2561	30.708	
b4409	4.556	
b1158	20.573	
b0103	22.622	Monomer
b3984	24.73	
b0993	101.024	
b2093	10.222	
b0436	48.193	Homodimer
b1167	9.701	
b3332	37.647	
b3366	12.284	
b0985	27.296	
b1596	45.258	
b0442	12.704	
b4102	27.621	
b3241	34.775	
b4366	25.622	
b4665	2.209	
b1265	1.723	
b2821	107.708	Monomer
b3100	11.811	
b4226	19.704	Homohexamer
b1209	23.551	Monomer
b0301	21.899	
b0532	95.677	
b0498	14.152	
b3284	18.51	
b1510	136.515	
b1625	8.417	
b0568	111.308	
b2547	55.016	
b3675	13.768	
b1580	36.564	
b4213	70.832	
b0107	50.615	
b0573	12.251	
b0280	15.815	
b0867	31.072	
b3935	81.655	
b3043	19.494	
b4720	3.949	
b0144	34.868	
b3291	14.957	Homopentamer
b3101	14.102	
b3931	49.594	
b4154	65.972	
b3897	66.0	
b3125	30.427	
b3729	66.894	Homodimer
b3624	32.92	
b3535	7.018	
b1780	32.666	Monomer
b0644	37.031	
b3459	14.506	
b3030	70.244	Heterotetramer
ECOK12F049	19.067	
b0605	20.761	Homodimer
b2229	23.767	
b3465	21.678	
b2092	48.365	
b0801	38.897	
b0214	17.597	Monomer
b3879	34.01	
b0525	18.153	
b1395	51.733	Homotrimer
b1969	25.018	
b0796	25.017	
b3066	65.565	Monomer
b3660	33.113	
b0541	33.54	
b0853	17.666	
b2016	29.68	
b4252	16.865	
b3857	21.643	Monomer
b2637	17.099	
b4269	36.502	
ECOK12F014	15.854	
b3943	32.866	
b0811	27.19	
b1252	26.094	Homodimer
b3355	32.344	
b1680	44.434	Homodimer
b2311	20.695	
b0685	11.28	
b4470	45.361	
b2133	64.612	
b0657	57.066	Monomer
b2157	32.724	
b2921	34.674	
b2347	34.503	
b3723	32.097	
b2944	19.348	
b0624	13.777	
b1120	31.464	
b4123	47.935	
b0776	41.594	Homodimer
b4513	3.072	
b0965	14.701	
b4308	37.997	
b0596	26.25	Homotetramer
b1606	26.348	
b0311	61.878	
b1343	49.188	Monomer
b4336	48.242	
b3337	7.363	Monomer
b2545	38.051	
b2552	43.868	Monomer
b0634	40.476	
b1450	25.151	
b0629	35.96	
b2405	33.627	
b3418	103.118	Monomer
b3326	54.611	
b1796	6.608	Homodimer
b0604	27.495	Homodimer
b0463	42.197	Monomeric
b2279	10.845	
b4059	18.975	Homotetramer
b2850	16.878	
b0237	52.915	
b3555	11.033	
b3501	13.253	
b2860	34.398	
b4145	32.947	
b3899	51.12	
b4535	4.115	
b3831	27.159	Homohexamer
b1389	10.942	Homotrimer
b1157	19.284	
b2985	26.347	
b2028	43.657	
b0545	19.476	Homodimer
b0769	37.06	
b2768	20.786	
b2386	43.966	
b1413	149.028	
b2629	9.967	
b4248	14.59	
b0798	18.669	
b1411	49.563	
b3437	19.543	
b2002	16.557	
b1438	15.247	
b2775	46.831	
b3544	60.294	
b0322	10.634	
b1697	27.47	
b4206	23.505	
b1794	38.546	Homodimer
b0278	27.274	
b4402	4.886	
b3895	30.56	Homodimer
ECOK12F009	20.362	
b0330	58.649	
b1496	64.985	
b1224	140.489	Dimer
b4128	11.468	Monomer
b1222	67.084	
b1816	56.528	
b3178	70.708	
b2330	35.002	
b1690	44.608	
b1813	21.436	
b1199	22.632	Homodimer
b2993	17.751	
b0636	17.341	Homodimer
b1831	25.893	
b2941	9.519	
b2488	20.159	
b2089	33.54	
b2037	45.383	
b0343	46.503	Monomer
b4568	5.536	
b3384	37.438	Homodimer
b3264	25.198	
ECOK12F098	50.244	
b0583	23.259	
b2094	16.907	
b2844	41.019	
b1491	49.574	
b2390	13.263	
b0378	40.414	
b1634	53.991	Monomer
b4125	60.551	Homodimer
b1219	12.693	Homohexamer
b3076	117.879	Heterooctamer
b0421	32.16	
ECOK12F056	19.51	
b3805	33.852	Monomer
b3991	26.896	Homotetramer
b3147	72.825	
b0241	38.922	Homotrimer
b3204	17.96	
b1674	22.367	
b2795	50.972	
b1707	27.046	
b4610	5.231	
b2418	30.847	Homodimer
b4599	3.509	
b2163	25.294	Homodimer
b3199	21.703	
b3327	44.339	
b0257	15.85	
b2034	37.757	
b0475	35.884	Monomer
b1216	39.168	
b3955	66.61	
b3045	34.398	
b3226	29.524	Homodimer
b0561	21.203	
b1412	21.658	Homodimer
b3411	33.267	
b0962	77.976	
b4245	34.427	Heterododecamer
b2947	35.561	Homotetramer
b0449	65.222	
b0168	29.331	Monomer
b2845	45.099	
b1919	35.153	Homodimer
b0711	23.947	
b4267	37.147	
b3150	20.028	
b1292	31.548	
b4234	21.359	
b2904	13.811	
b4065	60.523	
b3210	87.983	
b2025	28.454	Heterodimer
b1881	23.976	Homodimer
b0222	20.815	Homotetramer
b4604	6.218	
b1377	41.22	Homotrimer
b0606	56.177	Homodimer
b0491	28.165	
b3531	41.7	
b3257	9.098	
b4239	63.838	
b3894	112.549	
b1107	37.595	Monomer
b4401	27.292	
b4524	40.147	
b2788	48.85	
b1695	43.002	
b2670	16.949	
b1054	35.407	Monomer
b2840	25.248	
b4396	33.145	
b1811	6.554	
b0733	58.205	Heterodimer
b1092	32.417	
b0123	56.556	Monomer
b2708	34.031	Homotetramer
b0795	36.416	
b2434	16.312	
b3663	17.219	
b2286	68.236	
b3880	47.433	Homohexamer
b4738	1.589	
b2215	40.368	Homotrimer
b4725	6.229	
b4153	27.123	
b4399	52.176	
b0999	11.512	
b2880	28.65	
b3381	42.294	
b4055	26.104	Homotetramer
b3699	89.95	Heterotetramer
b4790	4.153	
b4504	8.581	
b3025	24.678	
b0414	40.338	Homodimer
b1566	12.208	
b1475	32.239	Trimer
b1460	43.079	
b0030	32.561	
b2282	36.219	
b4031	53.608	
b2213	39.324	
b4589	7.521	
b3649	10.237	
b1922	27.521	
b1917	27.677	
b3239	10.796	
b1664	42.876	
b1121	28.865	
b0313	21.815	
b4111	54.846	
b3847	50.176	
b0555	17.972	
b1921	21.658	
b2086	32.039	Monomer
b2609	9.191	
b0947	40.644	
b2376	10.162	
b2914	22.86	Homodimer
b3348	8.214	
b0298	11.543	
b3919	26.972	Homodimer
b3115	43.384	Homodimer
ECOK12F081	9.126	
b0909	26.74	
b4776	6.371	
b0831	34.066	
b2602	13.204	
b3509	12.043	Homodimer
b2250	18.61	
b2901	55.361	Homotetramer
b3483	14.531	
b2454	30.082	
b3265	41.318	
b3773	33.204	
b4363	17.047	
b1497	44.518	
b4782	1.604	
b0231	39.516	Monomer
b3053	108.418	Monomer
b3073	49.661	Homodimer
b0866	11.437	
b0037	58.559	
b0186	80.59	Homodecamer
b1378	128.824	
b0012	17.637	
b4498	12.403	
b1871	37.007	Homotetramer
b2195	20.809	
b1756	24.017	
b1119	33.043	
b2326	21.146	
b2375	22.977	
b0934	28.925	
b2320	41.368	Homodimer
b3114	85.936	
b4515	4.042	
b3085	19.483	
b1165	10.345	
b4215	35.935	
b3423	28.048	
b0869	53.707	
b0199	37.788	
b4084	33.821	
b2946	26.978	Homodimer
b3656	88.079	Homohexamer
b0842	44.321	Monomer
b2049	53.016	
b0849	9.685	Monomer
b2917	77.871	Homodimer
b2842	27.07	Homotetramer
b4057	13.519	
b1181	17.91	
b2462	11.65	Homohexamer
b1243	60.899	
b1645	75.267	
b4382	47.207	Homodimer
b4816	2.079	
b0197	29.432	
b3595	26.447	
b2798	28.166	
b1985	60.061	
b3219	24.9	
b4550	8.171	
b3927	29.78	Homotetramer
b3886	32.839	
b3376	38.599	
b0029	34.775	Homodimer
b0429	12.029	Heterooctamer
b2951	25.787	Monomer
b3200	20.127	
b1201	70.562	Homodimer
b1155	15.434	
b2148	35.55	
b4262	39.619	
b3876	51.574	
b2989	32.392	Homodimer
b2302	24.516	Homodimer
b0224	28.021	
b2543	15.211	
b1080	38.169	
b2196	71.389	
ECOK12F053	8.628	
b0268	32.53	
b4056	15.656	
b0944	25.853	
b2886	17.513	
b3906	32.373	
b1568	10.976	
b4053	39.153	Homodimer
b2146	44.329	Heterotetramer
b1790	30.554	
b1506	6.88	
b3331	22.231	
b4818	1.841	
b2444	9.206	
b0488	16.939	
b0305	31.474	
b2797	48.753	
b1559	27.926	
b4342	58.553	
b2125	27.4	
b2033	21.675	
b4592	3.597	
b4730	2.629	
b3730	49.19	Homotrimer
b0939	25.389	
b3856	19.363	Homodimer
b3172	49.898	Homotetramer
b3230	14.856	
b1846	23.687	
b0405	39.431	Monomer
b0125	20.115	Homotetramer
b2208	18.047	
b1241	96.127	
b0620	25.453	
b1045	18.88	Homodimer
b1608	26.704	
b1057	20.736	
b2296	43.29	Homodimer
b2283	100.299	
b2188	67.296	
b0957	37.201	Monomer
b1678	36.082	
b1277	21.836	Homodimer
b3734	55.222	
b0926	20.354	
b0788	35.86	
b4686	3.618	
b0803	9.756	
b2923	23.176	
b4471	48.522	
b1928	14.983	
b0426	18.344	Monomer
b1817	35.048	Homodimer
b2509	51.832	Heterooligomer
b3893	33.1	
b0083	13.627	
b2605	17.245	
b1143	12.883	
b3406	18.527	
b4502	8.954	
b1673	77.877	
b0550	13.846	Homodimer
b1677	8.323	Homotrimer
b3417	90.522	Homodimer
b4390	47.346	Homotetramer
b4673	2.465	
b1256	22.928	
b2237	25.296	
ECOK12F004/ECOK12F005	7.792	
b3306	14.127	
b3302	6.542	
b3642	23.567	Homodimer
b0227	28.785	
b2131	32.609	
b2522	28.643	
b1929	44.429	
b2616	61.396	
b1879	74.843	
b1658	38.175	Homodimer
b3954	32.149	
b3214	26.352	
b4305	40.615	
b0314	75.842	
b4482	27.908	
b4063	17.15	Homodimer
b0269	69.399	
b3539	47.258	
b1220	52.1	
b2299	20.376	
b2340	17.208	
b3705	61.526	
b0928	43.573	Homodimer
b1444	50.83	Homotetramer
b4766	3.681	
b2287	25.056	
b1767	37.127	Homotetramer
b0148	89.148	
b4081	76.151	
b0530	18.475	
b3110	48.315	
b2436	34.323	Homodimer
b4620	10.049	
b3912	26.312	
b0890	146.663	Homohexamer
b1095	43.046	Homodimer
b3031	21.642	
b2385	39.624	
b2896	16.064	
b0949	72.067	
b1939	36.776	
b1516	36.685	
b1179	12.415	
b2943	50.983	
b3427	10.129	
b4406	7.214	
b0031	28.757	Homotetramer
b1156	21.662	
b1717	7.289	
b2257	62.543	
b2001	57.237	
b4689	9.463	
b1259	6.002	
b2643	17.303	
b1858	27.867	
b3402	64.637	
b0619	61.684	
b0014	69.115	
b1507	49.276	
ECOK12F085	14.132	
ECOK12F054	16.013	
b3303	17.603	
b3283	19.871	
b2256	33.112	
b4606	2.408	
b1247	37.198	
b4539	10.216	
b2894	34.246	
b1866	65.913	Homodimer
b2164	43.432	
b3290	50.368	
b3924	27.751	Monomer
b2472	41.269	Homodimer
b3453	48.449	
b0425	33.871	Monomer
b0936	34.558	
b0116	50.688	Homodimer
b1557	7.717	
b3471	25.269	
b3942	80.024	Homotetramer
b1897	29.175	
b2014	49.538	
b0333	43.102	Homodimer
b0946	20.589	
b4472	139.053	
b4702	2.123	
b4212	14.075	
b3937	23.14	
b2212	24.076	
b4087	56.745	
b0180	17.033	Oligomer
b0905	65.652	
b1643	8.891	
b0504	34.512	
b2487	63.383	
b0094	45.33	
b3144	93.616	
b2618	10.789	
b1189	47.607	
b0467	20.375	
b2892	63.389	
b3997	39.248	Homodimer
b0049	31.297	Monomer
b4664	2.151	
b0969	12.41	
b0977	31.431	
b3594	31.874	
b0095	40.324	Homodimer
b1262	49.492	Monomer
b4099	38.853	
b2648	5.438	
b2837	37.094	Homodimer
b0007	51.663	
b3748	15.292	Homodecamer
ECOK12F082	18.588	
b4263	54.332	
b2806	41.905	Monomer
b0710	26.892	
b1959	32.194	
b0779	76.226	
ECOK12F075	10.379	
b0642	97.234	Monomer
b1785	56.101	Homodimer
b3779	54.871	
b2808	34.402	
b1486	37.345	
b2045	47.344	
b4085	26.109	Homohexamer
b0819	33.325	
b0078	17.977	Dimer
b3229	24.305	
b0033	117.842	
b1083	34.281	
b4232	36.834	Homotetramer
b3987	150.632	
b2649	29.787	
b2331	21.013	
b4345	40.59	
b1061	8.949	
b1855	37.41	
b2702	20.58	
b2856	16.577	
b4742	5.971	
b3059	22.193	
b3038	45.026	
b1530	16.065	
b3700	40.514	
b2439	22.788	Homotrimerizes
b0560	20.428	
b4403	25.259	
ECOK12F067	11.389	
b1851	64.639	
b2577	33.243	
b2207	9.469	Monomer
b4706	2.33	
b3932	19.093	
b1598	29.277	
b0612	53.093	
b1326	26.558	Homodimer
b2705	27.858	Homotetramer
b0013	14.482	
b1255	26.419	
b0872	35.74	
b1049	96.937	
b1873	40.286	
b3916	34.842	Homotetramer
b4298	32.722	
b3739	13.632	
b0799	81.44	Monomer
b3398	79.49	
b0366	28.297	
b1109	47.359	Monomer
b3869	38.556	
b0270	50.632	
b3034	23.667	Homodimer
b0208	33.776	
b2455	49.022	
b2725	17.627	
b2319	36.364	
b2511	55.036	
b4770	2.707	
b2802	64.977	Homohexamer
b0246	11.94	
b2039	32.694	Homotetramer
b0837	41.054	Monomer
b0916	47.656	
b0375	23.956	
b4528	6.761	Homodimer
b3439	26.279	
b1479	63.197	Homotetramer
ECOK12F097	14.48	
b4303	29.355	
b1409	33.054	
b2284	49.292	
b1312	31.25	
b0907	39.783	Homodimer
b0490	25.382	
b2759	18.702	Homodimer
b1485	31.971	
b2669	15.348	
b3055	23.076	
b2938	73.898	Homotetramer
b1026	33.54	
b1887	18.084	
b3733	31.577	
b0923	26.974	
b0778	24.14	Homodimer
b0557	10.447	
b2395	83.524	
b2542	43.978	
b3307	11.58	
b0980	47.057	Monomer
b4496	17.296	
b4097	27.831	
b1313	38.217	
b1725	32.459	
b3849	52.96	
b1968	50.85	
b0494	23.622	Monomer
b2267	17.42	
b2464	35.659	Homodimer
b3011	42.097	Homodimer
b4516	9.902	
b3401	32.534	
b0983	41.741	
b3403	59.643	Monomer
b1246	37.188	
b3446	10.613	
b1454	23.321	
b1297	53.177	Dodecamer
b3653	42.425	
b2427	31.192	Homotetramer
b2567	25.55	Homodimer
b3362	6.599	
ECOK12F047	35.372	
b3533	99.785	
b1249	54.822	
b0782	18.665	Homohexamer
b2352	51.484	
b1553	18.31	
b2438	17.893	Monomeric
b0697	72.199	
b2109	92.282	
b3234	47.205	
b4278	50.386	
b0295	8.767	
b3529	74.381	
b4052	52.39	Homohexamer
b3151	37.257	
b2873	51.025	Homotetramer
b4362	19.455	
b2728	9.732	Homodimer
b4261	40.358	
b4484	18.965	Homodimer
b0529	31.044	Homodimer
b2571	35.75	Homodimer
b0900	34.294	
b2953	10.456	
b4670	2.056	
b4678	2.242	
b2720	20.309	
b3349	20.853	Monomer
b0389	7.281	
b1841	13.41	
b1652	23.523	Homodimer
b3827	33.727	
b2975	58.92	
b1153	21.644	
b2170	42.746	
ECOK12F036	8.172	
b3094	29.836	
b1714	36.832	Tetramer
b3600	41.139	Monomer
b0120	30.385	Heterooctamer
b2411	73.606	
b2373	60.581	Homotetramer
b0177	90.553	
b0726	105.062	Homodimer
b4138	45.751	
b1453	54.233	
b0232	11.234	
b2557	141.403	Monomer
b1545	21.852	
b1772	34.121	
b3706	49.231	Homodimer
b1451	77.261	
b2762	27.976	Homodimer
b0028	16.081	
b2731	78.468	
b1088	19.315	
b0756	38.19	
b3206	9.81	
b2632	32.094	
b4703	3.465	
b1414	29.706	Monomer
b0901	23.036	
b3745	55.907	
b3551	85.851	
b1526	32.483	
b3176	47.544	
b2682	26.108	
b2496	26.633	
b4148	10.9	Homodimer
b0339	23.764	Oligomer
b2739	29.217	
b0544	57.527	
b1854	51.357	Homotetramer
b4133	57.813	
b1094	8.64	
b2429	49.802	
b4198	25.278	
b0640	38.704	
b3754	51.462	
b1455	8.27	
b2568	35.96	
b1078	27.744	
b1151	17.609	
b1139	33.762	
b0820	59.858	
b0348	34.196	Homotetramer
b0398	44.714	Heterodimer
b1973	24.762	
b2666	5.865	
b1748	43.665	
b0259	37.851	
b0968	10.3	
b3197	35.196	Homotetramer
b4778	1.63	
b4546	8.415	
b4506	5.467	
b4024	48.532	Homodimer
ECOK12F079	21.961	
b0761	28.281	Homodimer
b0660	39.039	
b0937	21.253	Homodimer
ECOK12F104	192.016	Monomer
b0511	52.456	
b0161	49.354	
b2512	41.887	
b3537	7.364	
b1551	5.639	
b3587	12.409	
b1515	34.456	
b0978	57.92	Heterodimer
b1944	17.221	
b2242	45.357	
b0369	35.625	Homooctamer
b2106	30.419	
b1528	42.538	
b1368	37.06	
b3807	12.231	Monomer
b2329	39.137	Homotetramer
b2530	45.09	Homodimer
b3985	17.712	
b0808	81.904	Homoheptamer
b1775	49.602	
b1422	33.402	
b3404	50.334	Homodimer
b2042	32.829	
b1517	31.893	Homodecamer
b3891	34.747	
b3585	37.274	
b2630	40.061	
b1366	13.473	
b0964	24.594	
b3124	39.104	
b2038	21.27	Homodimer
JW5899	35.098	
b3666	50.607	Monomer
b0581	41.688	Homodimer
b3543	37.497	
b0341	41.361	
b0085	53.344	
b2322	40.465	
b3201	26.801	
b2633	31.255	
b1691	46.08	
b1204	21.082	Monomer
b4183	25.009	
b3463	24.439	Homodimer
b0505	18.17	Homodimer
b1591	23.345	Monomer
b2061	16.709	
b0887	65.056	
b3090	20.512	
b3577	17.516	
b0874	32.34	
b3527	55.527	
b3467	13.496	
b2990	8.808	
ECOK12F024	26.439	
b2956	38.459	
b4086	34.316	
b2998	10.945	
b4361	27.935	
b2551	45.317	Homodimer
b4058	103.868	
b0248	17.42	
b2407	29.835	Hexamer
b0955	65.819	
b3904	54.069	Monomer
b1058	5.897	
b2359	13.102	
b3682	17.626	
b0416	15.689	Monomer
b3395	29.0	
b0110	20.536	
b0674	62.659	Homodimer
b0354	19.923	
b1978	248.569	
ECOK12F002	33.54	
b2486	56.767	
b0807	34.226	
b2676	36.443	Tetramer
b3882	31.158	Homotetramer
b2677	44.163	
b3466	10.252	
b3504	29.45	
b2823	12.004	
b1776	38.732	
b3526	33.962	
ECOK12F048	9.763	
b2303	14.082	Homooctamer
b3057	29.759	
b1275	36.15	Homotetramer
b0875	23.703	Homotetramer
b1727	24.33	
b3921	16.542	
b1302	44.729	
b3794	27.928	
b1073	15.24	
b0084	63.877	Homodimer
b2683	12.024	
b3308	20.302	
b1549	16.497	
b1285	74.665	
b0331	32.135	Homotetramer
b4260	54.88	Homohexamer
b2960	27.307	Monomer
b1573	8.35	
b2500	23.238	Monomer
b4326	14.747	
b0317	17.311	
b2858	27.365	
b0068	36.163	Monomer
b0462	113.574	Homotrimer
b0404	22.961	
b1150	6.381	
b3556	7.403	
b0996	43.607	
b1319	34.913	Monomer
b3777	16.873	
b0655	33.42	
b3252	73.339	
b2774	28.042	
b3192	23.963	
b2276	52.044	
b0200	21.294	Monomer
b3352	71.843	
b1077	25.912	
b4176	7.166	
b0256	44.267	
b3565	49.742	Homotetramer
b3518	51.571	
b3774	54.069	Homotetramer
b2463	82.417	Homooligomer
b4755	5.465	
b1504	18.949	
b0170	30.423	Heterotetramer
b3386	24.554	
ECOK12F017	33.563	
b2727	31.565	Monomer
b3800	46.513	
b4466	167.246	
b3098	11.051	
b0182	42.382	
b2952	21.167	
b1684	13.3	Homodimer
b2469	63.697	
b3350	66.411	
b0601	23.943	
b3155	11.27	
b0212	28.434	Monomer
b3926	56.231	Homotetramer
b4319	17.317	
b4661	97.49	
b2740	46.77	
b2521	30.812	Monomer
b2627	83.062	
b2934	16.046	
b3394	20.796	
b3946	23.555	Homodecamer
b0106	44.45	
b2789	49.142	
b0011	26.665	
b0454	14.45	
b0622	21.77	Homodimer
b0638	23.308	
b1999	27.074	
b2201	23.053	
b3330	13.901	
b0627	7.024	
b0172	20.639	
b3135	17.519	
b3651	25.343	
ECOK12F041	40.653	
b2918	36.704	Monomer
b0860	26.829	
b2867	31.557	Heterotrimer
b2754	10.518	Homodimer
b4104	22.797	
b1254	20.79	
b3579	35.97	
b1689	13.929	
b2041	40.558	Homodimer
b3571	75.713	Monomer
b2317	24.51	
b0684	19.737	Monomer
b1429	35.932	Homotrimer
b3282	20.768	
b3014	9.513	
b2520	181.585	
b1499	28.725	
b1859	27.729	
b3654	48.868	
b4329	16.193	
b1512	33.797	
b1335	19.179	
b1781	30.987	
b2832	26.157	
b4105	37.371	
b3605	42.728	
b4151	13.107	
b2859	16.403	
b1712	11.354	Heterodimer
b3361	22.96	
b2247	44.226	Homooctamer
b3070	28.872	
b0166	29.892	
b3429	52.822	
b4069	72.094	
b2127	28.046	
b4570	5.888	
b2507	58.679	Homodimer
b2936	26.842	
b2345	40.249	
b3928	9.635	Homodimer
b1272	39.366	
b2615	32.566	Homohexamer
b3690	40.142	
b2843	31.076	Homohexamer
b3261	11.24	Homodimer
b3964	13.024	
b4322	44.838	
b4005	45.94	Monomer
b3287	19.328	Monomer
b1370	37.777	
b0159	24.354	Homodimer
b2238	7.517	
b2875	57.682	
b0772	46.082	
b3958	35.952	
b3426	56.751	
b0507	64.732	Homotetramer
b2763	63.998	
b1484	36.1	
b4116	29.007	
b3574	31.067	
b1556	7.741	
b1200	38.215	Homodimer
b2368	42.585	
b1111	23.362	
b1722	27.607	
b3193	19.576	
b3988	155.16	
b1766	67.219	Homotetramer
JW2619	11.824	
b1344	35.561	Homodimer
b2796	46.906	
b1042	15.049	
b3703	5.38	
b2384	37.409	
b2506	20.23	
b0323	33.931	
b2096	30.812	
b3370	47.577	
b1798	23.201	
b3713	20.376	Homotetramer
b3221	17.038	
b4711	37.851	
b4605	5.325	
b3354	8.47	
b3078	52.147	
b1793	8.942	
b1287	42.22	
b1125	31.062	
b3145	38.535	
b2356	10.336	
b3608	36.362	
b0881	12.179	
b3986	12.295	Homodimer
b1147	20.212	
b3353	38.495	
b0704	21.961	
b3196	34.741	
b0961	16.275	
b2162	33.748	Homotetramer
b3084	42.331	
b0215	27.099	
b2746	16.898	Homotrimer
b4357	35.397	
b1244	33.443	
ECOK12F059	13.916	
b2052	36.141	Homodimer
b0319	32.266	
b2412	36.475	
b3472	19.787	
b2493	39.194	
b0006	29.586	
b1387	73.003	
b0122	12.854	
b1588	89.987	
b4478	42.523	
b1523	13.544	
b0815	59.706	
b1619	26.779	Homotetramer
b1561	9.235	
b2515	40.684	
b4331	20.53	
b1630	38.14	
b2450	29.751	
b3189	44.818	
b1947	12.67	
b2053	42.047	Homodimer
b1269	32.711	
b0572	50.27	Homotrimer
b3295	36.512	Homodimer
b1400	21.325	
b0153	70.423	
b3231	16.019	
b2617	12.302	
b2966	24.614	
b1195	8.775	
b1025	51.783	Homodimer
b1468	140.227	Tetramer
b2879	48.842	
b2076	111.01	
b4520	8.255	
b1096	29.715	Homodimer
b0146	26.229	
b2662	45.775	Homotetramer
b1555	12.091	
b2393	43.476	
b2160	39.71	
b0833	90.049	
b2171	21.533	
b2743	23.258	Monomer
b1069	55.267	
b3142	20.744	
b0118	93.498	Monomer
b1752	26.16	
b0722	12.868	
b4780	5.068	
b0588	29.784	
b0482	29.902	
b2878	115.582	
b2457	9.866	Homohexamer
b0193	29.912	
b4193	50.737	Homodimer
b1184	47.68	
b1477	10.401	
b0387	16.969	
b2665	16.063	
b1115	40.834	
b1316	84.867	
b2144	27.287	
b3218	37.851	
b3618	33.458	
b4667	2.232	
b4240	51.081	
b2124	17.973	
b0156	12.1	Homodimer
ECOK12F007	2.588	
b1205	10.486	
b1215	30.833	Homotrimer
b0235	9.82	
b1924	48.456	Homopentamer
b0927	23.784	
b3493	53.389	
b1146	7.402	
b1110	18.92	
b3224	53.551	
b1646	17.681	Monomer
b0413	17.229	
b3318	11.199	
b0994	37.865	
b2252	22.257	
b1857	33.777	
ECOK12F105	27.535	
b2883	50.244	
b1415	52.273	Homotetramer
b2581	37.784	
b2173	36.113	Oligomerizes
b0575	114.707	
b3035	53.741	Homotrimer
b2765	13.773	
b3317	29.86	
b4090	16.073	Homodimer
b2180	58.726	
b2889	20.508	Homodimer
b1974	20.337	
b1849	42.434	Homodimer
b3871	67.355	Monomer
b3297	13.845	
b2620	18.269	
b0812	18.695	Homododecamer
b3782	3.75	
b1039	14.879	
b1738	11.427	
b1961	53.465	
b2165	32.91	Homotrimer
b3524	74.457	
b0312	52.911	Dimer
b1729	48.662	
b0044	10.479	
b3080	88.321	
b2625	54.027	
b2707	28.236	
b0211	49.417	
b2623	37.139	
b3838	18.421	
b1945	37.849	
b0294	23.274	
b1737	48.332	
b0851	26.801	Homodimer
b0399	26.433	
b3538	62.032	
b1327	33.659	
b2548	35.058	
b0329	9.895	
b0388	19.151	Monomer
b4021	24.57	
b4219	23.315	
b2122	67.73	
b0854	40.84	
b0818	41.169	
b0648	27.022	
b0774	47.336	Homodimer
b1116	43.264	
b4182	25.334	
b1810	10.835	
b1828	48.152	
b4235	48.37	
b4622	10.257	
b3077	17.457	Heterooctamer
b4017	82.598	
b4109	84.371	
b4525	6.725	
b2141	14.579	
b2452	42.807	
ECOK12F013	20.966	
b4580	104.725	
b2150	35.713	
b3475	21.768	
b4380	58.02	
b0943	18.512	
b3461	32.469	
b3444	9.868	
b1533	32.324	
b0334	53.952	Monomer
b4297	70.017	
b3957	42.347	Homodimer
b3250	39.53	
b3632	38.731	
b3634	17.837	Homohexamer
b0662	42.953	
b1801	52.881	
b1745	49.299	Homodimer
b3107	5.961	
b1465	26.018	Dimer
b4129	57.827	Homodimer
b3424	31.307	
b0938	18.68	
b3679	62.085	
b1105	22.516	
b4743	6.428	
b4768	1.172	
b3589	40.351	
b0063	61.089	
b0768	36.058	
b2913	44.176	Homotetramer
b2136	21.445	
b2565	27.391	Monomer
b0132	34.607	
b2477	36.842	
b1065	44.363	
b4118	34.928	
b3862	36.289	
b0981	81.242	
b1436	8.709	
b4722	3.016	
b4598	3.538	
b4394	18.213	Homodimer
b1585	26.507	
b1862	22.704	
b4596	6.441	
b1668	60.755	
b0360	13.452	
b1348	7.019	
b4132	46.665	
b3072	55.066	
b2484	51.755	
b3623	41.729	
b3963	26.553	Homodimer
b4277	12.161	
b0293	20.111	
b2916	33.472	Homodimer
b1927	56.639	Monomer
b1140	42.799	
b2804	15.473	Homodecamer
b1546	21.338	
b2958	26.429	
b3616	37.239	Homotetramer
b2554	49.148	
b3655	62.272	
b1192	33.567	
b3839	28.876	
b0066	24.999	
b1373	21.337	
b2963	40.113	
b1232	31.935	Homohexamer
b1762	40.346	
b0191	15.623	
b2114	76.255	Homodimer
b1923	51.295	
b1471	36.241	
b2877	21.514	Monomer
b1676	50.729	Homotetramer
b1301	47.17	
b1351	10.016	
b1013	23.688	Homodimer
b1144	11.458	
b4779	1.23	
b0877	38.358	
b1539	27.249	Homotetramer
b0196	14.163	
b3378	12.479	
b0247	18.099	
b2024	26.033	Monomer
b2408	29.233	
b4249	24.598	
b0043	45.703	
b3612	56.194	Monomer
b0935	41.736	Homotetramer
b1724	10.865	
b1825	10.792	
b3357	23.64	Homodimer
b4659	24.791	
b0591	43.282	
b2495	13.399	
b2336	27.728	
b0884	8.25	
b0721	14.299	
b4428	5.626	
b3476	58.719	
b3262	33.397	
b0351	33.442	
b0828	33.394	Heterotetramer
b2415	9.119	
b2183	25.865	Monomer
b3103	14.281	
b1616	49.908	
b0236	18.834	
b4671	3.999	
b0115	66.096	
b3592	22.545	
b3496	53.575	
ECOK12F064	27.723	
b4789	1.043	
b2300	20.122	
b1852	55.704	
b0272	27.838	
b2562	9.791	
b3645	31.078	
b0703	55.232	
b4460	34.211	
b2187	8.288	
b3945	38.712	Homodimer
b3741	69.521	Homodimer
ECOK12F027	10.455	
b2030	37.851	
b0824	33.038	
b2752	35.188	Heterodimer
b0393	33.993	
b2781	30.412	Homodimer
b2222	22.96	Heterodimer
b3061	32.734	Tetramer
b2524	7.732	Monomer
b2103	28.634	Monomer
b0951	60.52	Homohexamer
b2231	96.964	Heterotetramer
b3669	20.889	
JW5919	13.452	
ECOK12F061	9.377	
b4412	5.502	Homodimer
b1820	17.615	
b3044	13.452	
b1330	38.755	Homoheptamer
b0501	10.052	
b3048	38.555	
b1099	36.937	
b1029	38.668	
b0995	26.233	
ECOK12F065	7.894	
b0274	19.758	
b2364	35.332	
b2292	65.872	
b1554	19.663	
b3766	3.231	
b4715	9.556	
b4517	6.576	
b0447	17.437	
b4041	91.381	
b2383	92.13	
b4289	34.893	
b2935	72.212	Homodimer
b3021	14.703	Homodimer
b0271	60.825	
b0967	44.357	Homodimer
b0198	23.256	
b0183	21.526	
b4062	12.911	
ECOK12F101	26.032	
b4773	1.992	
b2925	39.147	Homodimer
b4565	9.803	
b4553	11.336	
b3570	30.868	
b4214	27.176	
b0991	8.727	
b2518	15.463	Homotetramer
b3941	33.103	Homotetramer
b4018	29.739	Homotetramer
b3065	8.5	
b0117	69.362	
b4567	8.697	
b1483	34.621	
b1631	21.912	
b0589	34.91	
b1769	50.318	
b3746	56.389	Hexameric
b2505	17.705	
b1705	7.117	
b3064	36.008	Homodimer
b1661	43.909	Homodimer
b0700	157.776	
b1779	35.532	Homotetramer
b1472	10.736	
b2584	97.987	
b3281	29.414	Monomer
b2010	43.346	
b3432	84.337	Monomer
b2446	15.729	
b3482	159.395	
b1178	14.906	
b4483	28.974	Monomer
b3712	27.647	
b0473	71.423	Homodimer
b2290	45.517	Homodimer
b0379	11.424	
b2193	23.575	
b1356	17.663	
b2786	102.453	
b1446	8.8	
b2604	45.989	Homodimer
b4285	22.265	
b2592	95.585	Homohexamer
b4243	13.612	Homotrimer
b3409	84.474	
b1949	9.632	
b2685	42.736	Homodimer
b4734	3.258	
b4365	27.032	
b3334	17.234	
b0486	45.659	
b2374	45.828	Homodimer
b4070	53.703	Homodimer
b3708	52.773	Homotetramer
b0394	32.5	
b2636	16.735	
b2332	30.26	
b1893	19.565	
b3060	35.315	
b2082	8.43	
b4264	37.567	
b4340	53.047	
b1227	25.497	Dimer
b4621	7.888	
b2784	83.876	
b2606	13.133	
b4677	2.665	
b1571	5.792	
b3967	31.002	Monomer
b0652	26.661	
b0724	26.77	
b4750	3.193	
b0817	17.64	Homodimer
b3809	30.209	Homodimer
b4304	46.684	
b1629	80.172	
b3156	18.534	
b3237	16.995	Homohexamer
b4179	92.109	Monomer
b2778	32.206	
b4195	17.238	
b3434	21.49	
b2893	25.622	Homodimer
b0570	53.738	
b4377	39.832	
b1584	21.887	Homododecamer
b1514	36.395	
b2095	47.109	
b4258	108.192	Monomer
b2533	29.172	Monomer
b2323	42.613	Homodimer
b3822	68.364	
b3811	33.868	
b2219	67.79	Homodimer
b0759	37.265	Homodimer
b2741	37.972	
b0345	38.59	Homotetramer
b2126	62.092	
b3989	21.131	
b2927	37.299	Homotetramer
b2583	25.995	Monomer
b1340	21.512	
b1410	65.456	
b0365	34.266	
ECOK12F073	15.183	
b2291	22.708	Homodimer
b3917	36.659	
b2777	25.03	Homodimer
b2217	23.671	
b2536	41.593	
b4190	27.588	
b4047	9.749	
b1876	64.683	Monomer
b1464	32.319	Homodimer
JW5928	37.851	
b0192	25.844	
b1357	10.976	
b3129	12.359	Homodimer
b0862	26.217	
b2004	13.684	Homodimer
b0956	17.693	Homodimer
b0607	15.935	
b2813	40.411	
b0537	45.09	
b1311	33.225	
b3561	37.57	
b3194	27.863	
b3801	60.718	
b0440	9.226	Heterodimer
b1946	14.855	
b1868	31.479	
b1856	49.058	
b1003	8.524	
b4143	57.329	
b3126	27.384	Homohexamer
ECOK12F022	10.26	
b4150	41.556	Monomer
b1258	18.597	Homodimer
b2139	52.138	
b3668	56.306	
b4536	8.514	
b3032	30.938	
b0255	15.25	
b0567	33.057	
b2020	46.11	Homodimer
b1321	52.609	
b1131	51.543	Homotetramer
b1925	14.95	
b3141	27.724	
b2101	28.277	
b4485	55.26	
b2478	31.27	Homotetramer
b1611	50.489	Homotetramer
b0039	42.558	Homotetramer
b4684	4.791	
b2003	8.411	
b2799	40.513	Homodimer
b4282	8.714	
JW5902	13.452	
b3532	86.024	
b1589	22.752	
b4602	2.998	
b4015	47.522	Homotetramer
b1480	5.096	
b4476	46.416	
b0150	82.182	Monomer
b2416	63.562	Homodimer
b0988	19.7	
b0391	10.234	
b2841	51.684	
b0169	26.744	
b3667	48.257	
b1018	41.138	Monomer
b3269	43.261	
b0880	7.969	Homodimer
b3866	19.059	Homodimer
b1447	15.855	
b1615	46.648	
b4747	4.711	
b1586	10.477	
b2686	55.624	
b2801	47.545	
b2514	47.029	Homodimer
b2570	16.639	
b1135	24.88	
b0649	55.682	
b4255	15.603	
b2251	16.371	Monomer
b3644	33.175	
b4545	5.315	
b1541	7.276	
b1778	15.451	
ECOK12F052	25.446	
b0187	14.737	
b1206	59.429	
b3159	32.535	
b2961	39.149	Monomer
b2714	36.813	
b1976	30.279	
b1739	12.021	
b2008	39.955	
b1493	52.668	Homohexamer
b3063	52.906	
b1358	15.743	
b4022	32.477	Monomer
b1248	12.687	
b2074	44.464	
b3104	13.456	
b0914	64.461	Homodimer
b2608	20.605	
b4317	96.482	
b1067	24.177	
b2155	73.896	
b4001	26.317	
b4636	7.821	
b4461	48.044	
b2349	44.061	
b2770	28.72	
b1388	35.499	
b3131	29.572	
b4508	8.493	
b1055	39.781	
b1500	7.272	
b4666	2.207	
b0595	32.554	
b0383	49.439	
b3792	44.96	
b4480	31.746	
b0979	42.424	Heterodimer
b1613	42.85	
b4175	37.65	
b1281	26.35	Homodimer
b4221	136.78	
b1900	55.018	
b1431	24.427	
b1037	30.557	
b3481	15.094	Homotetramer
b2479	20.769	
b2199	27.885	
b2526	65.652	
b1886	59.944	
b3966	68.407	
b4020	59.467	
b3578	45.368	
b4543	6.881	
b0076	35.695	
b1741	33.739	
b2223	47.528	
b1605	49.501	
b3323	55.298	
b2068	31.393	Monomer
b1048	57.912	
b3140	29.001	
b3414	20.998	Homodimer
ECOK12F030	55.682	
b4751	6.058	
b0185	35.242	
b2262	31.633	Homohexamer
b4637	3.109	
b1325	34.674	Monomer
b1930	8.639	
b0603	34.397	
b0008	35.219	Homodimer
ECOK12F057	16.38	
b4014	60.274	
b0385	41.537	
b0433	53.245	
b0027	18.156	
b2972	29.466	
JW5936	37.851	
b4464	46.758	
b1117	25.438	
b4356	49.44	
b1850	22.284	Homotrimer
b1675	7.907	
b1822	30.419	Homodimer
b0297	33.175	
b1434	19.731	
b4144	11.958	
b1056	20.912	
b1521	54.808	
b1218	25.512	
b0516	45.694	Homodimer
b3247	55.364	Homodimer
b1009	28.898	
b4542	3.643	
b2365	47.163	
b2113	39.938	Homodimer
b0134	28.237	Homodecamer
b0594	59.112	
b3737	8.256	
b3606	17.726	Homodimer
b3175	11.365	
b0258	43.739	
b0223	28.636	
b0412	19.56	
b3795	50.399	
b2593	26.339	Homodimer
b2721	64.98	
b2194	39.089	
b1022	50.766	
b1656	21.266	Homodimer
b1194	27.857	Monomer
b0009	21.222	Homotrimer
b0760	54.536	
b4385	49.757	
b4488	34.507	Tetramer
b2366	47.901	Monomer
b1363	53.944	
b4332	41.361	
b4330	23.793	
b2013	38.1	
b0510	10.844	
b1097	38.247	Homodimer
b3393	16.846	
b1902	18.894	
b2132	83.46	
b2948	20.686	
b1334	27.967	Homodimer
b2667	10.596	Homodimer
b2661	51.72	Homotetramer
b0784	8.758	Heterotetramer
b1225	58.066	Dimer
b4227	34.345	
b2145	9.264	
b0895	22.869	Heterotrimeric
b1014	143.815	Homodimer
b2737	41.339	
b3523	47.208	
b2569	66.57	
b2398	12.72	
b1000	34.455	
b0766	30.201	
b4463	53.737	
b0340	17.049	Homodecamer
b0948	78.854	Monomer
b4274	13.085	
b2297	77.172	Homohexamer
b4313	23.116	
b2079	27.656	
b3697	29.721	Homodimer
b2075	112.078	
b1962	25.904	
b0004	47.114	
b0705	43.161	
b2458	36.067	Homodimer
b3267	7.452	
b1583	12.909	
b4353	7.729	
b0147	19.934	Monomer
b1594	44.316	Homodimer
b2862	11.291	
JW5935	37.851	
b0356	39.359	Homodimer
b0373	11.543	
b3364	43.166	
b1278	29.021	
b3138	17.622	
b3486	100.785	
b2221	23.526	Heterodimer
b0483	13.171	
b0174	28.444	Homodimer
b3249	18.788	
b4029	78.491	
b1138	27.579	
b1609	49.283	
b4360	17.353	
b2273	27.991	
b3105	33.256	
b2949	15.186	Monomer
b2301	24.326	
b3375	27.821	
b0355	31.424	
b2179	38.092	
b4307	19.957	
b4122	60.105	Homodimer
ECOK12F032	28.164	
b0859	41.956	
b4044	49.646	
b0281	53.074	
b1736	12.748	
b1839	12.378	
b4139	52.356	Homotetramer
b0249	9.014	
b1915	8.239	
b3153	18.858	
b2717	17.057	Monomer
b4347	12.203	
b2984	28.151	
b2182	43.353	
b2576	49.914	
b2065	21.249	Homotrimer
b1397	42.277	
b0048	17.999	
b0194	63.693	Homodimer
b1090	38.214	Homodimer
b0090	37.815	Homodimer
b2104	27.339	
b4309	36.878	
b4669	1.91	
b2129	34.425	
b0984	78.687	
b3787	45.839	Homodimer
b0267	43.769	
b3012	31.11	Monomer
b2907	42.288	
b2572	24.321	
b3956	99.063	Homotetramer
b3293	13.945	
b1765	20.059	Homodimer
b3872	26.939	
b3888	37.094	
b0396	41.926	
b0563	7.088	
b0814	18.603	
b4375	59.574	
b4006	57.329	
b2467	21.749	Homodimer
b0844	30.196	
b1550	6.548	
b2626	24.561	
b0209	29.992	
b3639	43.438	Homododecamer
b3844	26.242	Monomer
b2134	33.887	
b0018	7.742	
b1617	68.447	Homotetramer
ECOK12F008	80.33	
b2964	46.389	
b2872	44.804	
b0189	9.48	
b4051	35.172	Homodimer
b0072	49.882	Heterodimer
b2994	62.491	Heterodimer
b4259	16.633	
b1936	10.732	
b2260	50.185	
b2306	28.653	
b4121	23.442	
b2073	24.218	
b3775	10.232	
b0574	44.305	
b1093	25.56	Homotetramer
b2699	37.973	Polymerizes
b3062	22.679	Heterotetramer
b3322	15.876	
b1593	24.981	Homodimer
b1036	17.074	
b4341	6.709	
b0910	24.746	
b1089	6.446	
b1180	23.711	
b3385	27.389	Monomer
b0108	15.622	
b0367	29.812	
b2764	66.27	
b4016	67.699	
b1826	5.552	
b1229	3.447	
b1710	20.47	
b1019	46.754	Homodimer
b1266	32.58	
b0559	7.624	
b4655	4.779	
b0972	40.681	Heterodimer
b3842	18.34	
b4512	7.467	
b4359	85.494	
b3244	51.364	
b3567	56.47	
b4529	8.696	
b0737	25.598	
b0621	48.412	
b0071	22.487	Heterodimer
b2007	12.778	
b0728	41.393	Heterotetramer
b4311	27.888	Monomer
b1624	38.257	
b3564	52.618	Homodimer
b2394	40.909	
b2244	34.923	
b4595	7.102	
b4211	29.734	Monomer
b2043	51.316	
b4337	44.688	
b3568	41.031	
b4494	18.234	
b0618	40.077	
b3500	48.773	Homodimer
b4618	3.222	
b0441	68.15	
b0315	40.725	
b1267	23.212	
b3534	27.14	
b3431	73.577	Monomer
b1101	50.677	Homodimer
b4559	6.555	
b4518	5.883	
b2060	79.343	
b3093	46.892	
b0569	85.319	
b2549	123.832	
b4159	123.968	Homoheptamer
b2266	11.306	
b1662	23.445	Homotrimer
b2249	44.226	
b1768	23.362	
b3067	70.263	
b4233	49.874	
b2184	66.413	Monomer
b1642	16.353	Homodimer
b3980	43.314	Monomer
b1481	7.987	
b1317	23.565	Monomer
b1654	12.879	Homodimer
b3920	21.763	
b1853	31.976	
b1920	29.039	
b3835	63.203	
b0732	100.015	
b3013	34.983	
b1570	15.656	
b1914	23.893	
b3298	13.099	
b4126	8.55	
b2527	20.138	
b3911	51.624	
b4774	2.4	
b1543	46.267	
b0834	49.873	Homodimer
b3848	21.757	Monomer
b3473	42.156	
ECOK12F001	11.543	
b0149	94.293	
b0392	10.618	
b1238	23.457	Homotetramer
b0336	43.65	
b3127	49.009	
b1185	20.142	
b0035	21.244	
b3452	33.264	
b0892	49.626	Homotetramer
b4487	13.469	
b4537	9.123	
b3405	27.354	Monomer
b3648	23.593	Homotetramer
b1430	22.531	Homodimer
b4217	8.072	
b1082	57.93	
b2263	27.682	Monomer
b3633	47.291	
b4023	10.532	
b4147	20.591	
b1380	36.535	
b0841	22.399	
b0843	9.971	
b4695	15.411	
b2585	52.802	Multimeric
b0599	39.092	
b4354	77.324	
b1353	19.244	
b0474	23.586	Monomer
b1547	32.902	
b2910	12.594	Homodimer
b0566	29.019	
b1805	62.332	Homodimer
b0133	31.598	Homodimer
b2066	24.353	Homotetramer
b2206	93.042	
b3091	54.093	
b0057	5.737	
b4415	5.564	
b4030	15.597	
JW5900	13.452	
b0435	11.994	
b0324	50.549	
b2491	75.305	
b3134	13.721	
b3266	111.454	
b3320	22.244	
JW1882	37.851	
b0326	31.793	
b2414	34.49	Homodimer
b1428	35.849	
b1337	52.194	
b3552	22.197	
b2525	12.331	
b3029	11.532	Homodimer
b3487	38.828	
b1171	11.852	
b2812	28.562	
b1508	10.016	Homodimer
b0982	16.386	
b3342	13.737	
b1655	29.917	
b1987	35.856	
b0040	56.587	
b1638	25.545	Homodimer
b2822	128.848	Heterotrimer
b4181	14.935	
b3412	28.505	Monomer
b3506	20.964	
b2233	131.153	
b1569	8.578	
b4271	45.582	
b4210	35.208	
b2216	100.372	
b4728	2.33	
b1693	27.467	Homodimer
b2876	28.103	
b1683	54.745	
b2224	40.352	
b2869	66.096	
b3764	13.134	
b3925	35.852	Homodimer
ECOK12F071	14.507	Homotetramer
b3382	13.528	
b3121	45.251	
b0252	31.051	
b3166	35.087	
b3081	72.678	Monomer
b2265	48.765	Homodimer
b1997	13.452	
b3106	25.895	Monomer
b0765	39.102	
b2730	35.092	Homodimer
b4389	49.472	
b1990	34.411	
b0184	129.905	
b2794	32.588	Homodimer
b4046	19.254	
b2480	17.634	Monomer
b3635	30.29	Monomer
b0484	87.873	
b0138	20.307	
b0602	47.827	
b4349	59.307	
b3922	10.776	
b0633	37.528	
b3881	31.983	
b0142	18.079	Monomer
b3559	76.813	Tetramer
b0074	57.298	Homotetramer
b2767	9.662	
b3546	63.804	
b1186	56.728	
b0727	44.011	
b2803	52.259	
b4135	21.931	
b1260	28.724	Tetramer
b3006	26.287	
b3211	34.607	
b0579	14.05	
JW5933	35.098	
b2760	55.901	
b1303	36.986	
b0407	11.887	
b2646	12.308	
b0806	8.896	
b4293	19.48	
b1372	113.78	
b2081	51.193	
b3709	45.211	
b4040	32.512	
b3464	54.513	
b3636	6.372	
b0065	28.244	
ECOK12F055	28.808	
b1883	37.468	
b2701	40.256	Monomer
b0087	39.875	
b4209	24.883	Homodimer
b4381	27.734	Monomer
b2828	33.108	
b2388	34.723	
b1134	17.433	Monomer
b0540	11.543	
b4026	7.386	
b1298	28.013	Homodimer
b4083	73.151	
b4131	81.26	Homodecamer
b2700	17.582	Homodimer
b2178	40.36	
b2891	41.251	
b1520	34.809	
JW5951	37.851	
b1877	18.885	
b4501	7.678	
ECOK12F084	99.192	
b2202	23.101	
b0976	14.89	
b1123	38.867	
b4799	2.14	
b0250	17.026	
b1439	52.793	
b4752	6.767	
b0218	12.136	
b4387	24.083	
b3022	11.232	
b3478	30.362	
b4004	48.395	Monomer
ECOK12F077	25.627	
b1542	53.685	
ECOK12F026	182.631	
b3898	38.733	
b4178	15.593	
b1777	10.338	
b0915	35.589	
b4680	2.704	
b2381	28.721	
b3647	63.179	
b3360	20.772	Monomer
b0696	20.267	
b2912	21.105	
b1838	25.274	
b2854	18.277	
b4817	7.582	
b1952	6.946	
b0533	35.696	
b1177	13.414	
ECOK12F023	8.15	
b0081	17.386	Dodecamer
b4727	1.69	
b0283	34.954	Homodimer
b0628	36.072	Monomer
b0038	45.127	Homodimer
b1832	18.122	
b4034	43.388	
b4526	6.584	
b1440	42.295	
b2099	35.621	
b4593	6.518	
b3884	28.507	Monomer
b3769	9.703	Tetramer
b4558	7.177	
b2531	17.337	
b1329	59.9	
b3236	32.337	Homodimer
b3834	22.153	
b3609	17.277	Homotetramer
b1604	33.903	
b0079	3.291	
b4754	3.191	
b1282	11.396	
b1339	34.058	
b3505	37.851	
ECOK12F083	8.313	
b1006	45.557	
b3238	9.196	
b0623	7.463	
b2933	48.971	
b4160	35.934	Heterodimer
b3374	28.332	Monomer
b3240	73.591	
b2248	28.904	
b0879	70.702	Homodimer
b2790	16.274	Monomer
b1237	15.54	Homodimer
b0041	27.144	Heterodimer
ECOK12F039	33.661	
b3198	19.997	Homotetramer
b1305	8.763	
b1518	11.255	Homodimer
b0709	54.159	
b3180	10.784	
b3883	31.728	
b2288	16.457	
b1010	13.763	Homotrimer
b2517	43.086	
b1942	17.307	
b3598	13.866	
b2866	81.321	Heterotrimer
b1074	13.968	
b2430	47.752	
b2971	14.67	
b1323	57.656	Homodimer
ECOK12F021	13.452	
b2186	37.823	
b2293	23.008	
b2782	12.098	
b1711	34.949	
b0781	37.346	Monomer
b3389	38.881	Monomer
b1280	44.531	
b3665	63.739	Homodimer
b2546	34.483	
b4392	73.353	
b3711	36.882	
b1250	46.063	Dimer
b2378	35.493	
b2372	33.616	
b0157	22.128	
b4569	19.193	
b2926	41.118	Monomer
b2970	37.349	
b1755	56.243	
b3480	29.722	
b4514	9.555	
b2610	49.787	
ECOK12F086	23.63	
ECOK12F092	12.945	
b2909	21.23	
b4027	23.755	
b3959	27.16	Homodimer
b3096	14.172	
b3755	26.076	
b4218	49.763	
b1217	8.945	Monomer
b2027	36.455	Homodimer
b4300	29.268	
b0437	23.187	
b4393	12.355	Homodimer
b0195	26.362	Homodimer
b0585	45.652	Monomer
b3859	38.12	Monomer
b3484	43.146	
b1889	34.186	
b3934	37.82	
b2903	104.376	
b4767	2.019	
b1420	5.894	
b3643	24.425	Homodimer
ECOK12F066	6.108	
b1071	10.341	
b0126	25.097	Homodimer
b0091	53.626	
b4038	51.708	
b3905	32.315	
b3717	22.485	
b1476	25.368	Trimer
b3485	41.062	
b0919	34.488	
b3650	79.342	
b2211	61.553	
b1938	60.589	
b2826	17.865	
b1133	40.959	
b2328	30.137	Dimer
b3833	28.073	
b2077	50.901	
b0791	15.465	
b4225	12.492	Homodimer
b2668	18.639	
b0780	32.788	
b1955	30.439	
b4492	87.13	
b2281	20.538	
b0632	44.444	
b3806	97.586	
b1024	92.207	
b3347	28.882	
b1740	30.637	Homodimer
b1511	57.545	
b3998	24.673	Monomer
b0459	20.096	Homodimer
b0093	31.434	
b2333	18.951	
b0310	25.589	
b3039	29.903	Monomer
b4386	37.926	Monomer
b0882	84.207	
b2432	20.898	
b0718	90.128	
b1804	42.734	
b2516	36.192	
b1912	20.701	
b4388	35.043	
b0534	18.223	
b1021	16.082	
b2123	16.594	
b2019	33.367	
b1295	9.321	
b1211	40.517	
b2158	36.882	
b4505	12.857	
b1070	15.867	
b2664	24.991	
b0681	52.78	
b3458	39.379	
b4351	33.52	
b4741	3.823	
b3743	16.888	
b3962	51.56	Homooligomer
ECOK12F094	10.866	
b2424	30.292	
ECOK12F063	15.853	
b1610	35.783	Monomer
b0716	39.539	
b0446	30.371	
b2358	14.401	
b4586	18.118	
b2218	106.506	
b3830	29.425	
b4812	4.477	
b3050	23.087	
b2174	26.759	
b4746	1.481	
b4383	44.37	
b2445	13.778	
b0556	17.226	
b1473	31.539	
b2497	45.06	
b2476	26.995	Homotrimer
b4662	5.338	
b4169	47.985	
b0190	20.877	
b3019	83.831	Heterotetramer
b3132	47.192	
b4207	22.216	Homodimer
ECOK12F051	11.429	
b4411	4.81	
b0263	13.093	
b3727	34.121	
b3400	15.496	Monomer
b1701	62.759	Homodimer
b3740	23.431	
b0342	22.799	Homotrimer
ECOK12F034	18.133	
b2783	9.356	
b1449	37.61	Homodimer
b0822	30.413	Homodimer
b2121	42.119	
b0229	63.153	
b3343	10.718	Heterohexamer
b4242	99.466	
b4096	24.705	
b1308	11.475	Monomer
b4320	31.473	
b3168	97.35	
b4301	23.214	
b1300	53.419	
b0207	29.437	Monomer
b1384	34.62	
b2111	19.061	
b3951	85.96	
b3944	22.955	
b2346	28.042	
b2071	17.428	
b4555	11.07	
b0792	41.566	
b0613	31.644	
b1038	15.056	
b2324	74.434	
b1487	57.641	
b2698	19.424	
b0119	13.942	
b2214	38.549	Homodimer
b1008	21.57	
b2098	47.359	
b3960	50.318	
b4137	12.331	Homotrimer
b1732	84.163	Homotetramer
b1489	90.26	Homodimer
b4781	1.029	
b0069	63.975	
b4683	3.203	
b3878	77.275	
b0830	56.47	
b0918	27.614	
b1874	26.762	Homodimer
ECOK12F044	29.627	
b4141	44.778	
b2755	33.194	Homodimer
b3071	23.401	Oligomer
b0865	18.991	
b1648	9.359	
b4777	3.906	
b0676	44.541	
b1103	13.241	Homodimer
b0402	50.216	
b4224	9.272	
b2156	53.576	
b4294	9.925	
b4407	7.311	
b3442	44.231	
b0424	20.777	Homodimer
b2544	32.716	
b3148	14.798	
b0427	48.81	
b2688	58.269	
b0970	23.363	
b1823	7.402	
b4797	2.183	
b3228	18.262	Homodimer
b4281	8.821	
b0997	94.456	
b1159	31.39	
b3873	36.942	
b0303	8.472	
b1981	47.817	
b4042	13.245	Homotrimer
ECOK12F070	19.285	
b2962	10.953	Monomer
b4231	34.978	
b4318	18.715	
b4786	2.198	
b3315	12.226	
b1236	32.942	Homotetramer
b4538	12.969	
b0015	41.1	Homodimer
b0940	95.242	
b3456	46.269	
b1830	76.663	
b0129	16.54	
ECOK12F089	65.715	
b4732	3.234	
b1441	37.041	
b4788	1.576	
b3380	44.56	
b0929	39.333	Homotrimer
b2945	26.709	
b2154	31.259	Homotetramer
b3120	20.577	
b2871	43.328	Homodimer
b1770	28.261	
b1773	30.81	
b3268	37.021	
b3659	43.493	
b1789	15.256	
b0275	9.902	
b1733	27.774	Homodimer
b2607	28.422	Homodimer
b3462	38.544	
b1122	17.416	
b4687	3.103	
b3169	54.871	Monomer
b1641	15.602	
b2628	62.007	
b1172	10.807	
b2466	38.746	
b1291	37.661	
b0661	53.663	Monomer
b3212	163.297	
b1896	53.611	Homotetramer
b1957	6.678	
ECOK12F046	43.66	
b2709	55.236	
b3689	46.187	
b4544	12.192	Heterodimer
b0920	28.666	
b0466	6.025	
b1760	9.947	
b3907	37.32	
b0088	46.974	
b2246	46.294	
b0096	33.956	
b2270	63.634	
b0930	52.57	Homodimer
b0888	34.623	Homodimer
b0127	34.647	
b0899	52.496	
b1578	24.724	
b3491	37.657	
b0325	37.978	
b0368	32.41	Homodimer
b2072	27.208	
b1614	54.689	Homodimer
b4054	43.538	Homodimer
b4533	9.023	
b4220	64.796	
b4315	19.373	
b2756	22.293	
b1704	38.735	
b3160	37.129	
b4188	9.949	
b4733	5.943	
b2022	40.278	
b2147	45.069	Heterotetramer
b0738	15.383	
b4372	15.174	
b1374	21.908	
b0499	26.96	
b1529	23.617	
b1148	12.156	
b4253	69.578	
b3216	86.289	
b4753	2.617	
b0835	49.582	
ECOK12F033	37.284	
b3593	156.321	
b0945	36.775	Monomer
b1971	37.369	Heterodimer
b3903	47.199	Homotetramer
b2468	71.844	
b4676	3.458	
b2285	18.59	
b2558	58.302	
b2532	27.048	Homodimer
b4265	46.041	
b0723	64.422	
ECOK12F050	16.507	
b0472	21.963	
b0158	29.367	
b2742	40.149	
b1270	21.999	
b3255	16.687	Homodimer
b1166	9.694	Homodimer
b2392	44.194	
b1795	8.671	
b4395	24.065	
b0531	25.458	
b0254	33.639	
b3685	58.939	
b2937	33.557	
b3974	36.36	
b1336	54.886	
b2723	64.077	
b3392	15.098	
b0372	33.54	
b0434	20.95	
b1136	45.757	Homodimer
b3289	48.348	
b0130	46.315	
b3875	27.2	
b3994	70.85	Homodimer
b1587	89.78	
b4172	11.166	Homohexamer
b3680	33.958	
b4820	2.169	
b4358	36.448	
b2733	95.247	
b0813	31.168	
b1869	15.226	
b2118	138.068	
b0363	44.708	
b2423	32.538	
b1607	12.323	
b1382	6.84	
b0300	28.475	
b0456	13.318	
b0571	25.395	
b1288	27.864	Homotetramer
b3495	16.066	Homodimer
b3184	34.963	
b2977	13.737	
b4663	3.408	
b2205	24.925	
b3314	25.983	
b2734	25.098	
b3896	39.294	
b1198	51.449	Homodimer
b0873	60.064	
b2986	25.356	
b2528	11.556	Homodimer
b1682	27.582	
b4462	85.227	
b4474	31.169	Homooctamer
b2064	68.963	
b4352	35.66	Monomer
b4257	44.9	
b1442	34.36	
b1845	79.491	
b1104	13.981	
b1626	16.319	
b0730	28.273	
b3744	36.651	Homodimer
b0496	89.332	
ECOK12F102	81.489	
b0698	59.189	
b4334	27.255	Homodimer
b0493	29.41	
b2091	37.39	
b1127	44.923	Homodimer
b3972	37.851	Monomer
b4241	34.531	Homodimer
b4149	19.852	Homodimer
b3365	93.121	Homodimer
b2367	56.001	
b3248	21.515	Homodimer
b3371	38.569	Homododecamer
b1599	11.72	
b1432	45.741	
b2344	48.542	
b3181	17.641	
b0564	28.763	
b3702	52.551	
b1659	35.25	
b1023	77.413	
b1834	94.97	Homohexamer
b0714	29.845	
b0104	37.384	Homotetramer
b4339	21.769	
b2225	28.304	
b3581	23.445	Homodimer
b1548	21.404	
b2241	58.958	
b1577	35.071	
b3391	44.716	
b3024	14.011	
b3698	13.787	
b4192	40.061	
b0480	60.824	Monomer
b0942	18.914	
b2426	27.85	
b3173	60.753	
b3328	15.905	
b0023	9.684	
b3027	13.201	
b2461	17.659	
b2012	8.148	
b4500	151.114	
b0752	34.678	
b3118	34.539	
b4824	2.149	
b0850	10.521	
b1888	71.382	
b1699	45.923	
b2852	52.753	
b0178	17.688	Homotrimer
b4194	10.896	
ECOK12F096	12.587	
b1203	39.667	Monomer
b1168	56.906	
b3868	52.255	Homodimer
b4465	45.818	
b1392	39.32	
b0086	47.447	Monomer
b0885	26.619	Monomer
b1375	8.751	
b4088	32.91	
b0109	32.762	Homodimer
b0677	40.949	Homotetramer
b4075	14.523	
b3300	48.512	
b1445	6.646	
b0827	44.067	Homodimer
b0552	37.851	
b3821	33.163	Homodimer
b0181	28.08	Homotrimer
b3824	22.427	
b3558	33.477	
b0553	40.302	Homotrimer
b2556	53.33	
b4108	12.345	
b3812	27.122	
b0220	16.872	Homodimer
b1385	53.699	Homodimer
b1213	14.639	
b1803	35.661	
b0238	16.971	Homotetramer
b0485	32.903	Homotetramer
b3657	50.948	
b4186	45.02	
b4080	53.453	
b4367	30.113	
b0344	116.483	Homotetramer
b2128	25.515	
b1744	35.8	
b3747	69.294	
b1540	26.565	
b3693	31.374	
b0523	17.78	Homooctamer
b4588	3.644	
b2501	80.432	Homotetramer
b0230	23.779	
b4074	61.295	
b3910	25.343	Monomer
b0432	34.911	Heterooctamer
b1307	8.042	
b2080	12.024	
b3780	47.126	
b3521	33.33	
b1245	33.022	
b0546	30.841	
b2771	48.234	
b3525	29.601	
b2168	33.756	Homodimer
b4291	85.322	
b1396	14.851	Homotetramer
b3865	23.561	
b3996	29.689	Homodimer
b3646	22.048	
b4745	7.383	
b0870	36.495	Homotetramer
b4423	4.014	
b2929	19.272	
b3158	37.047	
b2362	13.672	
b3088	35.909	
b4120	52.636	Monomer
b4541	12.603	
b2681	41.655	
b0682	11.999	
b4729	8.638	
b0886	62.92	
b1289	13.989	
b3614	35.353	
b3982	20.532	Monomer
b2153	24.831	
b2451	49.599	
ECOK12F072	27.062	
b0650	61.986	
b1757	48.229	Monomer
b0763	27.364	
b2342	46.531	Heterotetramer
b3640	16.287	Homotrimer
b0503	41.111	Monomer
b3793	51.517	
b3573	17.459	
b1791	41.208	
b1210	46.307	Homodimer
b3704	13.789	
b0461	14.557	
b2417	18.251	Heterodimer
b1982	53.995	Homohexamer
b0438	46.356	
b2992	17.964	
b1672	24.421	
b3771	65.532	Homodimer
b0699	8.275	
b3312	7.273	
b2327	28.643	
b1544	8.778	
b2259	9.871	
b1657	40.064	
b1635	22.868	Homodimer
b4050	9.023	
b3164	77.101	
b3503	15.853	
b3292	16.179	Homodimer
b3028	21.891	Homodimer
b0401	46.209	
b0286	24.343	Heterotrimer
b2839	34.365	
b3137	31.294	Homotetramer
b3785	39.489	
b3752	32.291	Homodimer
b3902	30.145	Homotetramer
b2818	49.195	Homohexamer
b3641	22.836	Homodimer
b0408	66.632	
b3596	18.079	
b3572	46.711	Homodimer
b2023	21.653	Heterodimer
b3157	19.672	
b4112	41.029	
b4073	35.042	
b4551	7.599	
b4328	41.084	
b2983	38.533	
b1565	11.308	
b2269	46.078	
b4273	34.398	
b1576	6.842	
b2456	9.956	
b2566	33.81	Monomer
b2906	44.245	Homotetramer
b1448	19.248	
b0005	11.355	
b3999	22.613	
b1931	24.979	
b4601	3.236	
b3661	29.424	
b2838	46.177	
b3627	39.423	
b2976	80.489	Monomer
b0171	25.97	Homohexamer
b4180	26.557	Homodimer
b2130	41.139	
b4113	25.031	Homodimer
b1457	18.907	
b2197	17.698	
b1663	49.447	
b0228	20.042	Monomer
b1463	32.275	Homodimer
b2220	52.176	
b1950	28.543	
b2726	13.168	Homodimer
b2107	12.466	
b3900	16.094	
b2710	54.234	Homotetramer
b0338	32.961	
b2887	69.089	
b2177	69.669	
b2062	41.91	
b1572	4.688	
b1381	96.835	
b3918	28.451	
b0565	35.562	Homopentamer
b0679	68.347	
b3068	18.673	
b1534	42.659	
b1519	29.006	Monomer
b0952	20.634	
b3056	46.467	Monomer
b2793	20.708	
b0477	48.449	Homodimer
b2442	45.382	
b4140	17.692	
b0810	24.364	
b1535	33.863	Homodimer
b0448	66.017	
b1694	57.562	Homotetramer
b4453	3.917	
b3161	44.333	
b2601	38.804	
b2112	10.137	
b1379	15.166	
b2819	66.902	Heterotrimer
b0464	24.767	
b3469	76.84	
b3311	9.704	
b4490	30.292	
b1560	39.26	
b4079	79.374	
b0176	49.071	
b1208	30.925	Homodimer
b3421	45.222	Monomer
b3696	24.17	
b1114	129.983	Monomer
b1908	25.039	
b3083	12.103	
b1051	14.259	
b0034	15.436	
b1492	55.077	Monomer
b3299	4.364	
b1085	12.1	
b0986	24.268	
b1799	34.631	
b1361	20.05	
b2508	52.022	Homotetramer
b0713	25.8	
b4161	39.193	Monomer
b2660	46.082	
b4748	4.013	
b0959	24.147	
b3033	16.548	
b2234	85.775	Tetramer
b4012	16.447	
b0364	20.487	
b1100	29.809	
b1953	8.579	
b1552	7.684	
b2573	21.696	
b4509	5.494	
b1751	24.125	
ECOK12F078	50.46	
b1786	56.603	Homodimer
b3804	27.798	Monomer
b4477	21.391	Homotrimer
b1149	50.871	
b0064	33.384	Homodimer
b1941	49.316	
ECOK12F088	23.433	
b4272	13.452	
b3637	9.006	
b3530	127.724	
b1988	32.835	
b0731	69.668	
b1012	42.219	
b0631	9.827	
b0630	23.883	Monomer
b4469	83.478	
b1935	13.396	
b2274	16.163	
b4177	47.345	Homodimer
b4373	16.61	
b3929	17.36	Homotrimer
b0687	20.315	Homodimer
b2598	1.924	
b1783	74.48	
b1020	39.265	
b4783	2.162	
b3625	27.461	
b3514	111.517	Homotrimer
b3575	36.573	Homodimer
b3324	30.038	
b0871	62.011	Homotetramer
b0576	50.677	
b0592	34.283	
b1667	11.288	Homodimer
b3786	42.245	Homodimer
b4114	61.667	
b3336	18.495	Homooligomer
b3765	55.146	
b2069	49.371	
b2210	60.23	
b0558	16.414	
b1176	24.776	
b1513	55.821	
b2334	17.89	
b1761	48.581	Homohexamer
b3846	79.594	Heterotetramer
b4146	38.75	
b2085	11.465	
b3430	48.698	Homotetramer
b3547	42.951	
b2379	46.216	Homodimer
b4522	5.337	
b0852	32.436	
ECOK12F043	11.707	Homodimer
b2614	21.798	Homodimer
b1709	27.081	
ECOK12F095	19.719	
b3165	10.269	
b1435	72.702	
b1907	42.819	
b4497	26.725	
b3628	40.826	
b4384	25.95	Homohexamer
b1047	44.69	
b3580	55.155	Homodimer
b2594	37.122	
b1960	18.016	
b0527	19.53	
b0861	24.914	
b4547	8.071	
b0047	67.796	Homodimer
b4556	23.724	
b1106	32.397	
b4171	35.065	Monomer
b1196	16.695	
b3952	32.43	
b0987	9.508	
b3867	52.729	Monomer
b0376	41.849	
b4737	0.915	
b3390	19.538	Monomer
b2339	19.851	
b1905	19.424	Homooligomer
b1728	22.35	
b2067	123.887	Homodimer
b4204	29.739	
b2140	35.199	
b3915	32.927	Homodimer
b3588	56.306	Homotetramer
b2431	33.052	
b1723	32.456	Homodimer
b1618	21.799	
b2735	27.435	
b1829	31.923	
b1386	84.379	Homodimer
b1141	9.287	
b0021	19.565	
b4615	12.34	
b1355	5.194	
ECOK12F068	11.008	
b0262	39.059	
b4003	51.032	
b1958	32.191	
b4726	1.758	
b0973	66.253	Heterodimer
b0593	42.932	Monomer
b4371	37.625	Monomer
b1536	14.121	
b0481	17.093	
b2058	17.616	
b3152	23.198	
b4199	10.149	
b3288	34.168	Monomer
b3448	16.624	
b2687	19.416	Homodimer
b0966	11.779	
b0445	64.992	
b2409	33.903	
b0958	18.801	
b0646	55.256	
b4244	17.121	Heterododecamer
b3195	29.097	
b2380	62.657	
b3950	11.248	
b2192	37.851	
b2703	33.332	
b0046	20.17	Homodimer
b2672	11.847	
b1970	15.46	Homotetramer
b2035	44.744	
b0213	27.244	
b0163	15.096	
b2387	11.735	
ECOK12F103	26.259	
b3810	26.729	
b0175	31.454	
ECOK12F010	113.788	
b2922	26.635	
b1338	46.588	
b1819	30.955	Homotrimer
b4798	2.827	
b2957	36.851	Homotetramer
b4064	45.711	
b4397	17.108	
b1299	20.092	
b4579	24.932	
b0680	63.478	Monomer
b3003	31.488	
b3271	28.574	
b1046	53.666	
b3874	46.335	
b2751	52.558	Heterodimer
b0755	28.556	Homodimer
b0279	32.679	
b2399	14.91	
b2204	31.874	
b0308	25.213	
b0590	33.871	
b1686	14.945	Homotetramer
b1992	26.386	
b3515	28.028	Homodimer
b2135	21.691	
b1474	112.963	Trimer
b2824	14.973	
b3687	15.774	Monomer
b0154	45.366	Homodimer
b0422	8.952	Heterooligomer
b4350	134.095	
b2377	8.874	
ECOK12F011	40.465	
b3513	41.191	Homotrimer
b2833	7.877	
b2460	25.418	Homodimer
b0089	45.987	
b0702	12.557	
b0136	21.112	
b3584	27.414	
b1079	24.615	
b4668	2.064	
b3179	23.335	
b3368	49.951	Monomer
b0790	28.79	
b1644	31.496	
b0111	32.122	
b3678	57.295	
b1937	11.127	
b0495	24.533	
b2996	36.003	
b3818	14.408	
b2056	45.409	
b2954	21.039	Homodimer
b1726	20.367	
b0098	102.023	Monomer
b1015	54.344	
b3388	46.162	
b3887	15.95	Homodimer
b0845	41.852	
b3075	36.21	
b3304	12.77	
b1202	99.685	
b3791	41.901	Homotetramer
b0309	7.854	
b2881	103.519	
b3183	43.286	Monomer
b0615	55.173	Oligomer
b1362	11.07	
b2029	51.481	Homodimer
b2704	13.304	
b3149	21.106	Homotetramer
b0526	52.202	Monomer
ECOK12F040	84.966	
b0415	16.157	
b1865	17.306	
b4043	22.358	Homodimer
b3154	16.776	
b1108	21.226	
b2535	49.04	
b2745	39.091	Monomer
b0458	18.267	
b3684	27.328	
b0715	36.884	
b0026	104.297	Monomer
b3783	47.004	Homohexamer
b2255	74.289	Homohexamer
b3498	77.167	
b2716	53.935	
b3550	17.104	
b3508	23.213	
b4089	32.362	
b2230	62.671	
b0904	30.991	
b0468	14.77	
b0639	24.528	
b1892	13.316	Homodimer
b2275	32.136	
b3742	15.808	Homodimer
b0941	37.851	
b2580	25.693	Monomer
b2761	100.545	
b0771	81.505	
b0287	22.967	Homodimer
b2277	56.525	
b1276	97.677	Monomer
b3724	27.417	Homodimer
b4287	28.191	
b4421	3.972	
b2940	8.114	
b3399	25.399	
b2050	44.914	
b1621	56.627	
b3344	13.045	Heterohexamer
b2295	17.213	
b4613	3.021	
b2510	7.994	
b0856	35.49	
b4772	4.937	
b2748	11.622	
b3119	8.608	
b0740	45.956	
b3310	13.541	
b2137	26.951	
b3041	23.353	Homodimer
b4237	17.446	Monomer
b3583	25.561	
b2370	134.743	
b4162	20.816	Homodimer
b0145	17.528	
b0614	20.27	
b0840	28.548	Homooctamer
b3449	27.41	
b0128	28.516	
b4312	22.993	
b4035	40.99	
b2325	10.0	
b1399	35.295	
b4503	6.953	
b4819	3.427	
b2449	14.554	
b4705	5.031	
b3566	35.734	
b1818	27.636	Homotrimer
b4801	2.72	
b2538	51.109	
b2553	12.425	Homotrimer
b0457	58.72	
b3313	15.281	
b1650	39.516	
b1637	47.527	Homodimer
b3557	19.725	
b2316	33.322	
b3443	15.95	
b2513	22.176	
b2015	34.169	
b0489	33.743	
b0658	33.298	
b4660	61.576	
b2574	60.337	Monomer
b1774	37.701	
b4187	60.59	Homotetramer
b2874	33.071	
b2982	37.851	
b1564	9.071	Homotetramer
b2870	44.187	Homotrimer
b3586	41.771	
b3082	14.995	
b0736	15.562	
b2851	19.093	
b0825	22.997	Homodecamer
b4658	12.628	
b0508	29.377	Homodimer
b1324	17.835	Homodimer
b0846	20.307	
b2254	36.339	
b4355	59.443	
b1063	20.5	
b0307	53.052	
b0289	26.628	
b0707	20.211	
b2243	44.108	
ECOK12F093	12.131	
b0509	30.801	
ECOK12F029	35.499	
b1602	48.723	Heterodimer
b0847	60.351	
b3259	31.877	
JW2286	9.868	
b3363	20.431	
b1257	18.961	
b2753	37.92	
b2729	41.363	Monomer
b0975	21.546	
b0151	28.886	
b2834	38.5	
b0839	43.609	
b3367	28.563	
b2357	18.766	
b1595	33.281	
b0580	9.404	
b0253	31.892	
b3517	52.685	Homohexamer
ECOK12F100	19.518	
b1456	77.142	
b2166	33.573	
b0751	26.996	
b3973	35.312	Monomer
b3086	25.48	
b4127	10.468	
b3718	26.279	
b1901	35.541	
b0320	55.581	
b4795	8.757	
b3715	24.664	
b1792	13.386	
b4290	33.146	
b1060	9.664	
b1393	27.237	
b3861	52.637	
b2000	106.825	
b0764	24.939	
b2360	30.443	
b4124	27.488	
b3736	17.264	
b0506	29.27	Homotetramer
b2465	73.043	Homodimer
b1286	72.491	
b0036	28.19	Homotrimer
b4279	44.104	
b4481	40.64	
b2369	22.69	Homodimer
b2232	26.555	Homodimer
b1043	11.967	
b2492	30.565	
b0321	50.374	
b0470	71.138	
b3222	29.644	Homodimer
b0137	21.047	
b2991	12.697	Monomer
b4103	13.335	
b1749	30.969	Monomer
b0173	43.388	Homodimer
b1788	3.772	
b3858	10.273	
b1466	26.161	
b2151	37.357	Homodimer
b1996	34.398	
b2088	11.543	
b3784	40.957	
b2167	57.519	
b2389	43.574	
b2482	72.583	
b3005	15.527	
ECOK12F045	29.359	Monomer
b1214	30.841	
b3095	24.585	
b0777	28.276	
b4119	50.657	Homodimer
b1494	104.656	
b0953	6.507	
b4335	42.743	
b3316	10.43	
b2245	28.916	Homohexamer
b0382	9.937	
b4184	14.224	
b2102	31.604	
b4674	2.657	
ECOK12F069	31.615	
b0635	70.857	
b2541	28.5	
b1943	39.312	
b0419	36.42	
b4238	80.023	Homodimer
b0757	41.442	
b2719	27.999	
b0587	42.1	
b1860	37.174	Homododecamer
b3751	30.95	
b3202	53.99	
b1601	37.543	
b0754	38.01	Homotetramer
b1895	15.633	
b3346	26.821	
b1719	74.014	Homodimer
b1112	8.815	
b2697	96.032	Homotetramer
b3803	42.963	Homooligomer
b2309	28.483	
b0016	40.909	
b1035	20.724	
b3203	10.75	
b4246	5.098	
b1698	33.77	
b4467	45.11	
ECOK12F074	12.768	Monomer
b1837	7.315	
b2835	41.656	
b1527	42.841	
b3936	7.871	
b2868	16.922	Heterotrimer
b0240	15.655	
b3319	22.087	
b1347	7.863	
b4288	34.131	
b3626	39.04	
b4348	51.395	
b3845	40.876	Heterotetramer
b3136	41.783	
b3408	8.371	Monomer
b0773	17.085	Homodimer
b1408	22.524	
ECOK12F012	16.141	
b0990	7.781	
b0431	74.368	Heterooctamer
b1331	37.851	
b0469	19.859	Homodimer
b4306	27.354	
b0513	47.239	
b0858	18.518	
b0487	15.235	Homodimer
ECOK12F025	9.271	
b1730	30.16	
b4324	29.308	
b3631	42.284	
b0318	21.687	
b3345	13.641	Heterohexamer
b1290	30.571	
b0802	8.568	
b4092	27.848	Homodimer
b2363	12.133	
ECOK12F031	10.249	
b2650	18.024	
b3721	53.161	
b2036	42.966	Homodimer
b4557	9.381	
b4346	53.157	
b4338	12.078	
b1268	71.289	
b3597	41.988	
b2435	31.412	
ECOK12F042	8.372	Homodimer
b3162	70.546	
b1651	14.92	Homodimer
b1916	28.117	
b0160	59.383	Homotetramer
b2471	13.601	
b1687	113.248	
b1342	36.612	
b4757	3.112	
b2805	27.362	
b0551	14.176	
b2560	24.439	
b3256	49.321	
b0600	42.963	Homodimer
b1742	21.577	
b0492	31.791	
b2503	85.608	
b2494	53.908	
b1041	15.882	
ECOK12F058	15.695	
b3440	38.765	
b4735	3.827	
b1132	22.948	
b3528	45.436	
b3209	22.982	Homodimer
b3726	32.322	
b1875	21.205	
b3953	12.637	
b0719	19.838	
b3790	24.22	Homodimer
b3870	51.904	Oligomer
b4771	1.882	
b0823	90.125	
b2678	37.62	
b1750	26.058	
b0712	34.386	
b0917	6.855	
ECOK12F087	36.787	
b4039	18.777	Monomer
b0786	25.902	
b3243	34.516	
b1164	8.769	
b1735	32.968	Homodimer
b1294	61.565	
b2696	6.856	Homodimer
b1418	20.286	Monomer
b2644	17.964	
b0284	78.088	Heterotrimer
b3511	20.903	
b0328	24.811	
b1864	26.423	
b1402	34.398	
b0925	67.812	
b2078	51.991	
b4185	23.352	
b1059	40.902	Monomer
b1731	9.377	
b0739	43.157	
b3407	85.12	
b3981	13.643	
b3701	40.587	
b0381	39.316	
b1809	12.493	
b2534	31.516	
b2863	29.513	
b1002	45.683	Homodimer
ECOK12F020	34.398	
b2200	23.619	
b1807	25.181	Homodimer
b4724	7.141	
b4475	35.903	
b1315	38.652	
b3359	43.767	Homodimer
b2382	32.356	
b2289	34.594	
b2354	16.408	
b3778	77.024	Homodimer
b0471	12.015	Homodimer
b2853	8.055	
b3877	50.982	
b2400	53.816	Monomer
b0242	39.057	Homotetramer
b3714	46.866	
b1713	87.378	Tetramer
b0420	67.617	Homodimer
b0809	26.731	Heterotetramer
b4566	9.734	
b3735	19.332	
b2747	25.737	Homodimer
b0753	12.872	
b0350	28.89	
b2149	56.415	
b3133	17.086	
b3416	78.503	
b4378	28.909	
b0659	17.526	
b2930	34.323	Homodimer
b3753	36.612	
b3454	26.31	
b1746	53.026	
b3863	103.118	
ECOK12F091	27.973	
b0692	46.495	Monomer
b1261	42.983	Tetramer
b0358	29.04	
b3037	23.479	
b4532	6.782	
b1126	43.028	
b4527	5.769	
b0411	33.589	
b2897	10.547	Monomer
b1161	15.769	
b2785	48.052	
b0082	34.878	
b3590	68.867	
b0913	84.474	
b3843	55.604	Homohexamer
b2115	30.613	
b1628	20.544	
b1098	23.783	Homodimer
b0140	27.054	
b1532	7.537	
b3258	51.717	
b1007	17.749	
b4376	21.074	
b2712	82.066	Monomer
b4675	2.691	
b2371	41.671	Homodimer
b0517	37.967	Homodimer
b1782	27.831	
b3425	12.082	Homodimer
b2603	18.978	
b0478	59.424	
b1322	39.392	
b2713	19.026	
b2413	29.305	
b2800	23.775	Homotetramer
b3933	35.793	
b3604	29.166	
b4410	4.359	
b4571	31.061	
b3128	56.402	Homodimer
b2836	80.7	
b3338	97.058	
b1718	20.564	Monomer
b1592	44.153	
b0188	48.204	
b4736	2.716	
b1228	9.607	
b1669	29.341	
b0735	10.932	
b0524	26.894	
b3688	11.826	
JW2285	19.565	
b2848	18.72	
b0577	46.603	Homoheptamer
b3770	34.094	Homohexamer
b2519	85.067	
b3549	21.1	
b3130	17.836	Homohexamer
b3732	50.325	
b4793	2.605	
b1359	32.509	
b3630	30.872	
b1154	22.02	
b4473	40.955	
b4364	28.001	
b0055	30.579	Homodimer
b4216	20.421	
b2485	23.361	
b1763	73.217	
b2422	41.059	
b1918	24.801	
b0562	21.121	
b0233	15.488	
b4419	4.014	
b2070	71.639	
b4066	49.378	
b1142	10.963	
b4254	36.907	
b0357	10.318	
b2965	79.416	
b3819	33.283	
b3309	11.316	
b3457	32.982	
b2619	17.727	
b1040	24.935	
b1027	11.543	
b1328	33.482	
b0439	87.438	Homohexamer
b2830	20.795	Monomer
b4011	14.447	
b1306	13.517	
b1064	24.35	
b4002	15.199	
b2240	50.31	Monomer
b0502	13.916	
ECOK12F019	12.371	
b0954	18.969	Homodimer
b2504	7.462	
b2305	34.179	
b2226	61.476	
b3074	12.315	Homodimer
b3447	61.768	
b4082	36.908	
b1827	30.029	
b2715	51.026	
b3227	48.831	
b2017	9.308	
b1715	1.762	
b1647	33.676	
b2268	32.93	Homodimer
b2059	33.035	
b1426	8.878	
b3182	51.798	
b1128	42.579	Homodimer
b3510	11.858	Homodimer
b4201	11.442	
b2865	26.565	
b2599	43.111	Homodimer
b4468	38.361	
b3673	42.216	
b1124	29.111	
b3613	46.595	
b3220	43.293	
b1223	49.693	
b1836	8.753	
ECOK12F090	9.911	
b0124	86.747	Monomer
b3788	39.754	Homodimer
b1600	13.115	
b0908	46.096	Monomer
b2595	27.829	
b3686	16.093	Homodimer
b3621	35.544	
b3611	15.596	
b4158	12.638	
b2997	39.652	Heterodimer
b2732	13.94	
b0453	19.431	
b0059	109.769	
b3163	33.621	Homodimer
b3820	17.163	
b0444	25.514	
b0653	24.915	
b2942	41.952	Homotetramer
b3422	60.299	
b3789	32.734	Homotetramer
b3836	9.664	
b4157	11.819	
b2968	20.395	
b0024	7.89	
b0675	27.163	Monomer
b0058	24.861	
b3139	28.645	
b3781	11.807	Monomer
b3177	30.615	Homodimer
b4723	7.104	
b0542	7.173	
b2831	25.527	
b0912	10.651	Heterodimer
b3215	25.339	
b0051	30.42	
b0002	89.12	Homotetramer
b2766	46.393	
b1696	34.894	
b1234	33.067	
b0933	27.738	
b2564	26.384	Homooctamer
b1314	29.832	
b3492	43.741	
b2310	27.992	
b4794	0.951	
b0219	28.925	
b2315	45.406	Monomer
b2829	83.716	
b2239	40.843	Homodimer
b4479	26.08	
b2750	22.321	
b4173	48.327	Monomer
b1597	10.591	
b3170	16.651	
b2420	28.243	
b0678	29.774	Homohexamer
b3223	24.074	
b4100	21.027	Homodimer
b3965	41.967	
b1700	10.724	
b2009	18.081	
b0742	28.231	Homotrimer
b0121	32.321	Homodimer
b2622	46.652	
b1086	36.027	
b1304	25.493	
b1824	5.212	
b0547	17.433	
b0647	20.915	
b0264	19.758	
b4284	44.281	
b2011	54.501	Monomer
b3502	45.497	
b2419	13.732	
b3638	25.343	
b2437	40.16	
b2361	20.255	
b1632	24.459	
b1882	14.097	
b4072	24.567	
b0729	29.777	Heterotetramer
b2105	10.134	
b2425	37.615	
b2051	18.273	Homodimer
b4803	4.249	
b3040	26.485	
b0003	33.624	
b1193	22.227	
b3602	13.696	
b3908	23.097	Homodimer
b2711	41.404	
b1113	34.636	
b4222	12.866	
b2563	14.052	Homodimer
b4785	3.188	
b0479	43.306	
b1333	35.707	
b3102	37.386	Homodimer
b2447	22.907	
b0430	22.623	Heterooctamer
b3499	31.942	Monomer
b2161	43.41	
b2582	15.555	
b3054	48.389	
b0598	75.105	
b3433	40.018	Homodimer
b1956	64.283	Homodimer
b0070	42.713	
b0010	20.071	
b0829	69.114	
b3749	55.042	
b2190	91.202	
b0032	41.431	
b1221	23.927	
b2209	18.192	Homodimer
b1274	97.35	Monomer
b1679	15.8	Homodimer
b1802	42.561	
b2021	39.36	Homodimer
b0691	24.604	
b2749	12.017	
b1383	11.878	
b0075	3.146	
b0549	10.348	
b3441	18.794	
b4325	30.593	
b2684	20.563	
b3263	7.204	
b0617	10.689	Oligomer
b3892	24.606	
b4106	29.431	
b2537	32.838	
b4098	31.845	
b1062	38.827	Homodimer
b0162	43.687	
b1102	81.233	
b1233	16.99	
b1843	24.395	
b1623	36.397	
b2499	36.854	Homodimer
b1581	45.968	
b3117	35.232	
b0838	23.713	
b2271	35.931	
b3018	27.453	
b3023	17.827	
b0022	9.868	
b1509	50.539	
b0135	44.899	
b3816	36.59	Homopentamer
b3260	35.866	
b1706	54.382	
b4709	9.868	
b1660	43.367	
b4060	10.303	
b0226	9.406	
b3167	15.154	Monomer
b3722	66.483	
b1821	20.117	
b2987	53.809	
b0112	49.69	
b3520	22.604	
b0443	15.088	Homotetramer
b1488	21.213	
b4094	20.73	
b2236	9.293	
b4170	67.924	
b4612	6.027	
b1191	62.285	
b3591	50.607	Homodecamer
b2313	17.907	
b1118	45.344	
b2502	58.136	Homodimer
b4510	6.69	Homodimer
b2321	36.668	
b1991	36.987	Homodimer
b1861	22.086	Homotetramer
b2108	36.885	
b3301	14.98	
b1758	22.752	
b3321	11.736	
b1844	25.133	
b2846	24.287	
b2718	15.465	
b0152	32.998	
b2849	16.272	
b2498	22.533	Homodimer
b3383	33.504	
b4765	1.806	
b4028	26.281	
b4280	41.384	
b1880	42.238	
b1162	28.265	
b1620	36.625	
b1708	17.283	
b1870	27.777	Homodimer
b3046	91.792	
b3540	37.56	
b4327	34.711	
b3026	50.282	
b4167	54.65	
b1498	62.802	
b0131	13.834	Heterooctamer
b0898	41.432	
b2890	57.603	Homodimer
b1800	40.315	
b2539	20.579	
b0512	49.602	Homotetramer
b0406	42.594	Homodimer
b4682	5.383	
b4554	7.995	
b1671	25.093	
b2559	18.718	Homodimer
b3232	43.064	
b2006	6.959	
b2579	14.284	
b1524	33.516	Homotetramer
b3615	40.524	
b1522	34.322	Homodimer
b2440	31.782	
b0217	29.606	
b2550	44.521	
b3294	14.365	
b2635	7.703	
b1531	15.184	Monomer
b2489	28.101	
b4251	21.502	
b2312	56.488	Homotetramer
b2307	26.87	
b4191	27.602	
b2203	16.297	
b3672	3.206	
b0061	25.519	Homotetramer
b2253	42.238	Homodimer
b0783	17.467	Homohexamer
b1764	36.687	Homodimer
b4784	5.22	
b0234	17.555	
b2198	7.745	
b1806	20.921	
b3548	25.951	
b2969	32.058	
b1163	45.295	Monomer
b2905	40.147	
b2264	61.367	Homodimer
b1983	25.867	
b0554	7.778	
b0251	16.815	
b4013	35.727	Homodimer
b1293	36.038	
b1341	46.452	
b2882	49.108	
b1066	22.688	
b3901	12.265	Homodimer
b1273	9.386	
b2353	12.658	
b1575	6.964	
b4740	7.677	
b2523	46.18	Homohexamer
b1502	32.07	
b0410	13.364	
b2758	40.025	
b2792	12.787	
b0417	35.071	
b3208	27.342	
b3860	23.105	
b2955	42.584	
b3415	45.967	
b4521	16.533	
b4230	35.659	
b0548	6.494	
b3829	84.674	Monomer
b3738	30.303	
ECOK12F035	23.657	
b4036	49.912	Homotrimer
b2980	28.826	
b0911	61.158	
b1815	59.711	
b1525	49.718	Homodimer
b3823	22.474	
b2611	29.262	
b4019	135.997	
b3042	11.276	Homotrimer
b3270	41.484	
b0001	2.138	
b3351	20.958	
b0863	26.93	
b1235	37.302	
b2063	59.45	
b1567	5.881	
b4189	12.038	
b2634	26.606	
b4756	6.81	
b0989	7.72	
b3808	17.342	
b1906	8.629	
b2689	15.59	
b3451	31.5	
b1034	26.891	Homotrimer
b1639	12.568	Monomer
b3992	26.97	Homodimer
b2779	45.655	
b0403	69.041	Monomer
b3468	23.791	
b0683	16.795	Homodimer
JW5918	35.098	
b1579	45.262	
b0960	81.668	
b4822	2.29	
b3296	23.469	
b0893	48.414	Homodimer
b4744	4.013	
b0597	14.97	Homotetramer
b0720	48.015	Homohexamer
b1284	27.603	
b1784	49.392	
b0641	21.357	
b4594	7.362	
ECOK12F080	7.053	
b4152	15.015	
b0610	14.927	
b3622	46.878	
b0296	9.92	
b0113	29.425	
b2902	25.938	
b1242	23.521	
b1890	32.011	
b0645	27.736	
b1688	39.841	
b4582	14.467	
b1320	36.134	
b2979	53.812	
b4823	1.393	
b1390	27.877	
b1424	62.758	
b3089	43.478	
b3305	18.904	
b3146	31.348	
b3620	39.042	
b4268	21.004	
b1011	25.209	
b4037	31.943	
b2736	30.751	
b1563	11.225	
b4821	2.128	
b3802	45.245	
b3187	35.217	
b1467	58.558	Dimer
b1376	16.017	Homodimer
b2919	29.173	Dimer
b4142	10.387	Heptamer
b0836	14.536	
b0225	10.847	Monomer
b0025	34.734	
b0775	38.648	Homodimer
b0805	81.96	
b4710	19.565	
b1251	10.602	Homodimer
b4374	25.301	Monomer
b0346	31.322	
b2586	11.805	
b1459	27.838	
b4391	62.443	Monomer
b3358	79.972	
b0584	82.107	
b3253	34.724	Homodimer
b2810	43.234	Homodimer
b0060	90.053	
b0654	27.503	
b2663	51.08	
b0906	26.282	
b3213	52.015	
b4033	57.013	
b0062	56.074	Homohexamer
b3664	46.934	
b3225	32.593	Homotetramer
b3474	38.522	
b0894	90.399	Heterotrimeric
b2272	19.019	Monomer
b2453	41.031	
ECOK12F038	10.748	
b0717	26.954	
b4379	31.491	
b2335	17.89	
b3562	16.123	
b1084	118.197	
b4032	32.225	
b2261	35.477	
b0924	170.23	Homodimerization
b1283	6.948	
b4796	4.027	
b2048	50.463	
b2950	35.994	
b0608	44.176	
b1461	8.673	Homodimer
b4400	49.83	
b4078	25.079	
b3832	54.764	
b2675	80.479	Tetramer
b2441	49.403	
b2142	24.47	
b3607	29.317	Homohexamer
b2473	24.855	
ECOK12F062	71.76	
b3909	33.669	
b0643	18.797	
b2920	53.824	
b0821	47.329	
JW5934	13.452	
b0515	28.73	Monomer
b1075	23.575	
b0409	35.382	
b2018	2.081	
b1495	89.283	
b3020	60.694	
b4076	22.784	
b2047	52.408	
b0758	39.646	Homodimer
b0050	13.867	
b0793	42.06	
b0428	32.248	
b2809	8.174	
b4787	3.305	
b1352	8.434	
b3010	35.957	
b4575	13.956	
b2888	51.758	
b0290	59.997	
b2738	23.222	
b0787	26.123	
b2185	10.693	
b1994	37.823	
b3519	63.697	Monomer
b3116	48.879	
b4203	15.769	
b1310	46.808	
b1190	38.845	
b3052	51.051	Homodimer
b2474	74.893	
b3450	39.524	
b3983	14.875	
b1365	9.787	
b1403	13.452	
b0460	8.628	
b3582	32.455	
b2690	20.78	
b3092	53.987	
b1188	60.814	
b1681	46.823	
b3629	36.73	
b0974	27.597	
b0950	46.463	
b0689	18.282	
b2097	38.109	Homooctamer
b4292	35.532	
b0337	47.591	Homohexamer
b3599	67.972	Homodimer
b1394	28.405	
b3049	7.892	
b0868	38.086	
ECOK12F015	24.081	
b1391	18.324	Monomer
b1863	18.747	Homodimer
b1360	28.128	
b2820	133.959	Heterotrimer
b2057	45.26	
b3677	15.729	
b1926	13.829	Homodimer
b2406	46.14	
b0260	50.526	
b2351	34.635	
b0347	62.186	
b2350	13.226	
b2624	8.133	
b3670	11.106	Dimer
b0770	51.351	
b3516	31.563	Homodimer
b2638	11.824	
b4534	4.039	
b2924	30.896	Homoheptamer
b3280	10.007	
b2448	13.819	
b0637	11.582	
b2600	42.043	
b1406	30.706	
ECOK12F006	9.604	
b0451	44.515	Homotrimer
b3825	38.978	
b1004	20.846	Homodimer
b1182	33.759	Monomer
b1653	169.381	
b2776	54.177	
b3009	24.134	
b2459	30.172	Homodimer
b4749	2.308	
b3731	15.068	
b1835	53.228	
b2898	36.094	
b0897	23.1	Homooctamer
b1033	35.343	
b0963	16.919	Homohexamer
b1872	88.964	
b1469	49.89	
b0143	53.871	Monomer
b4067	59.197	
b1787	17.851	
b2308	24.649	
b0273	36.827	
b0141	20.118	
b2674	15.34	
b3099	15.147	
b1505	41.616	
b2769	30.308	
b4130	53.055	Monomer
b3185	9.124	
b3087	36.214	
b2280	19.875	
b1145	25.095	
b0889	18.887	Homodimer
b4095	42.01	
b1183	15.063	
b0304	48.244	
b1072	23.519	
b3479	26.82	
b1332	9.339	
b4321	47.138	
b1174	10.235	
b3890	8.442	
b3233	14.961	
b3707	2.894	
b3990	43.32	
b3470	9.095	
b2294	19.536	
b3512	20.599	
b3205	32.492	Homotrimer
b4061	60.801	
b2481	22.154	
b0741	18.824	
b3235	37.581	Homotrimer
b0855	41.931	
b2318	30.4	Homodimer
b3097	13.906	
b0210	22.991	
b0042	33.513	Heterodimer
b4202	8.986	
b0265	9.902	
b0706	28.865	
b1878	14.059	
b4049	38.468	
b0794	63.132	
b1501	83.495	
b0077	62.984	Dimer
b3002	18.641	
b3662	41.842	
b2475	31.46	
b0167	102.39	Monomer
b3455	28.427	
b4573	33.808	
b4688	4.63	
b4155	36.976	Homodimer
b1253	14.231	
b3826	29.708	
b4333	31.956	
b2642	64.196	
b2939	4.859	
b1842	8.846	
b2915	8.372	
b3369	5.819	
b1175	29.614	
b0922	50.579	
b0767	36.308	
b1087	21.691	Monomer
b3488	61.164	
b0377	46.459	
b1407	86.716	
b3940	88.888	Homotetramer
b3387	32.1	
b2176	58.588	
b1603	54.623	Heterodimer
b0092	32.84	Monomer
b0611	29.618	Monomer
b0539	10.509	
b1470	12.872	
b1891	21.566	Heterohexamer
b2724	21.873	
b3720	60.657	Homomonomer
b0686	28.437	
b0543	11.958	Homodimer
b0797	49.989	
b1754	42.845	
b1212	30.975	
b2807	14.333	
b1747	38.456	
b0518	58.596	
b1271	27.933	
b4581	7.969	
b1443	28.722	
b0288	11.798	
b3542	32.308	
b1743	18.199	Homodimer
b3716	16.683	
b1753	20.533	
b3610	9.137	Monomer
b0616	33.11	Oligomer
b2671	13.066	
b3710	41.49	
b4455	5.998	
b1932	17.891	
b4196	23.578	Homodimer
b2100	34.385	
b2032	43.188	
b4316	26.689	
b3494	13.027	
b2645	11.737	
b3560	34.774	Tetramer
b1993	20.164	Homodimer
b3051	60.7	Homooligomerizes
b2647	157.5	
b3817	14.549	
b1771	36.329	Monomer
b0708	53.667	Monomer
b0465	127.215	
b0045	48.667	
b0380	8.097	
b4791	2.925	
b1685	7.266	
b0239	47.009	
b0390	24.917	
b2757	25.209	
b3279	20.245	
b0578	23.905	Homodimer
b1187	26.969	Homodimer
b2410	36.406	
b0102	28.292	
b3207	24.345	
b4644	10.073	
b4800	1.763	
b3143	25.677	
b0931	45.897	
b4523	6.338	
b1419	5.86	
b1537	18.321	
b1296	50.853	
b4197	32.007	
b2443	25.143	
JW5895	37.851	
b1649	22.275	
b3339	43.284	Monomer
b1867	20.452	
b0789	47.634	
b0582	40.909	
b1226	26.449	
b1670	29.583	
b2908	49.815	Homotetramer
b1309	64.186	
b3885	22.732	
b0902	28.204	Monomer
b3341	20.019	
b2026	22.756	
b4256	18.622	
ECOK12F037	8.576	
b2895	19.7	
b3188	10.495	
b0857	30.541	
b0306	26.004	
b0155	50.349	Homodimer
b0266	13.184	
b2791	29.666	
b2597	12.785	
b2817	45.634	
b3438	36.422	
b0876	63.589	
b0067	59.533	
b0848	14.203	
b3329	18.565	
b2679	36.023	
b2928	27.132	
b0522	39.461	Homodimer
b3396	93.636	
b1640	39.496	
b3750	33.452	
b0349	31.937	Homodimer
b3335	24.957	
b1885	57.512	
b3497	26.949	
b4815	1.201	
b4093	16.57	Homodimer
b0695	98.718	
b3961	34.276	Homodimer
ECOK12F076	21.224	
b3325	70.698	
b4792	2.925	
b0476	36.034	Homodimer
b3601	21.99	Homodimer
b1346	8.456	
ECOK12F018	11.543	
b0864	27.022	
b0514	38.734	
b2659	37.36	Homotetramer
b0053	47.284	
b2847	30.85	
b1797	13.611	
ECOK12F060	19.636	Homotetramer
b0535	23.664	
b0073	39.517	Homodimer
b1503	18.144	
b1076	42.045	
b1001	48.355	
b4101	16.54	
b0353	41.551	
b0261	33.423	Monomer
b1398	48.953	Monomer
b4156	54.725	
b3242	7.847	
b1091	33.515	Homodimer
b2433	17.168	
b0693	82.416	
b0114	99.668	Homodimer
b4286	15.067	
b0277	24.471	
b0019	41.356	Monomer
b4107	16.171	
b0361	34.398	
b0921	29.814	
b3413	25.726	
b0521	31.644	Homodimer
ECOK12F028	143.692	
b1972	24.068	Heterodimer
b3477	35.248	
b4077	47.159	
b1814	48.907	
b1160	12.133	
b3379	32.915	Monomer
b3569	44.869	
b1028	12.008	
b3671	60.441	Dimer
b0878	40.624	Homohexamer
b1152	28.233	
b2483	34.359	
b2046	53.693	
b2706	12.953	
b0826	26.719	Homodimer
b4679	3.092	
b0452	31.966	Homotetramer
b3576	17.549	
b0800	35.049	
b3058	13.62	Homooctamer
b2304	32.699	
b3113	14.007	Homotrimer
b2120	83.39	
b0299	33.54	
b0052	35.114	Homodimer
b4266	27.563	
b3251	36.952	
b2169	39.648	
b4685	2.979	
b3813	81.99	
b3340	77.581	
b4000	9.535	Heterodimer
b1538	77.516	
b1703	31.211	Homotetramer
b0221	89.224	
b2540	11.329	
b4295	36.112	
b2811	15.94	Homodimer
b4025	61.53	Homodimer
b3930	33.594	
ECOK12F099	102.472	
b0099	14.927	Monomer
b3995	18.243	
b2825	20.52	
b1050	8.443	
b0243	44.63	Homodimer
b4572	44.979	
b1951	23.516	
b0750	38.241	Monomer
b0785	16.981	Heterotetramer
b1848	10.717	
b1840	32.526	
b1129	55.3	Homodimer
b3719	42.755	
b0101	7.306	
b3522	37.911	
b4296	47.004	
b0418	19.418	
b1948	26.928	
b0327	8.89	
b1940	25.05	
b4721	5.511	
b3017	51.858	
b2175	21.04	Monomer
b0734	42.453	Heterodimer
b4071	20.714	
b0528	7.39	
b3603	59.168	
b2722	33.029	
b1963	11.325	
b2995	43.602	
b0497	159.725	
b1433	40.583	
b4117	84.425	Homodecamer
b4200	15.703	
b1702	87.435	Homodimer
b1622	43.642	Homodimer
b0352	36.47	
b1612	60.299	Homodimer
b3619	34.893	Homopentamer
b2298	54.797	
b4168	16.853	Homodimer
b4068	11.672	
b4323	53.58	
b2278	66.438	
b1137	25.147	
b1423	51.043	
b1558	7.563	
b2055	27.894	
b3079	40.099	
b1582	11.92	
b4672	4.122	
b2044	45.362	
b4769	2.006	
b2428	31.22	Homodimer
b1349	29.721	Homotetramer
b1350	96.368	Homotetramer
b2421	32.664	Homodimer
b3397	21.153	Homodimer
b1130	25.535	Monomer
b0276	27.859	
b2555	27.348	
b1636	31.322	Homodimer
b1478	35.38	
b1847	12.962	Monomer
b3541	35.844	
b2587	47.052	
b0762	5.3	
b4205	12.247	
b0245	12.905	
b1081	34.475	
b2744	26.9	Monomer
b3828	35.629	
b1207	34.218	Homohexamer
b0054	89.671	
b0423	54.973	
b3536	59.428	
b2159	31.48	Monomer
b0656	37.851	
b3356	14.517	
b3001	38.832	Homotetramer
b3993	23.015	
b0097	18.88	
b4208	51.66	
