KcatHeckmann	KcatID	KcatWilken
9.43196005260989	PACOAT	10.9120128736813
32.0146989593031	METSOXR1	165.285310417079
7.91377087589054	FACOAL180t2pp	10.2386395121356
36.1806204157884	ORNDC	36.7405980852963
6.85848692170799	NTD11	155.381793927963
6.70053017457135	ALAGLUE	42.0253463517743
3.3	UAGCVT	1.30705129092317
11.3233008256728	PGSA141	5.64931147279789
5	GMPS2	8.07638220306335
16.3194538084558	LPLIPAL1A181pp	16.3194538084554
8.4	ACGK	27.6724140070047
22.6714957215784	MCITD	22.6865368606216
2.79595711420478	MLDCP3App	5.7251444016901
10.9966267301907	AMPN	77.3765615479587
1.92184908723055	ASPO4	1.92362605160684
0.445730546112667	MLTG3	67.8712565472095
141.171248093136	ACOAD2f	141.173888351252
3.28379953890912	QMO2	5.45673248230946
100.558809027635	PAPSR	100.870965305321
0.112264526711574	UPP3MT	0.172851992487584
2.06191272909666	AACPS5	8.13644354061057
4.39387451614104	3HAD161	20.2079881365452
0.122167138105439	NADS1	0.249032845069962
0.0143369406308285	TYRL	0.0143369406308285
18.7248986850497	KDOPP	77.2883393436443
71.1055373608447	ETHAAL	71.2306309376164
588.747629875143	PGL	586.39682377293
99.6353948883991	ACLS	106.830240320908
0.02	PERD	0.0286781361381749
19.2183185651919	PLIPA1A141pp	19.6785462045252
4.4800608462323	3OAR120	86.0686170855472
35.7649614246495	GAPD	53.2785993677246
1.42274572189134	GLYK	113.064144701073
29.2711483800407	FBA3	29.2711354120221
8.6979639005214	GLBRAN2	151.200330262706
1.22603165516902	TDPDRR	2.23467029991883
7.9106756849236	SOTA	30.8116139504105
8.41916898496515	GLCP	28.7526179967746
4.39387451614104	3HAD181	19.0734701910554
4.88887249825539	DURIPP	11.2171376193392
32.2022536372637	FA141ACPHi	0.0277778036288518
37.4175053228345	G3PAT161	38.3584514581406
9.78994837774661	NNAM	1.63227747834688
8.28107699735692	RNTR3c2	14.8146162825956
6.19497135686288	ACPPAT181	14.6099513866662
42.5161615804862	AGPAT180	42.6777585419664
6.16253252869977	3PEPTabcpp	13.5782558740914
9.43165489858234	MLDCP2Bpp	14.2135558833711
38.6801727600959	NDPK2	52.5233160379649
13.5464745532275	ACCOAC	138.632463171414
36.924305260043	ACPPAT141	37.1803146988015
0.993811031248455	SPMS	2.08624986876921
70.9551139784491	LPLIPAL2G181	63.4612343862657
7.91377087589054	FACOAL120t2pp	8.3287078898557
1.85198942878732	SSALx	46.2398938965107
5.94746483433418	ALR4x	9.35361959271919
57.8983630936063	HACD2	78.7360095503009
72.4442343685591	THRD_L	79.6951309654221
20	PRAGSr	16.7384047678623
11.1279549747511	PSSA140	11.1718306303849
5.07458857570637	PGSA181	8.53995093996578
8.44448432836534	XAND	19.2606878975392
4.93456729372366	NADDP	5.54617251663392
117.570990995235	GNK	131.65079196951
16.9676597109052	PAPA160	17.0374360339197
4.41185684255258	MLDEP1pp	6.06362924749609
491.5502437377	RPE	491.893276243817
32.0280109910669	SSALy	350.685640463426
6.32674528403374	ICHORS_copy2	25.327784696219
3.30165956241704	I2FE2SS2	3.18756532761165
16.9676597109052	PAPA180	17.0008515689021
6.50195825224657	XYLI2	97.6601507759918
14.0623086215301	IG3PS	19.4762349809081
14.7767439401705	ADK3	34.0930287086376
0.509427511775445	DHBS	6.85811709381124
177.843931399064	ACOAD6f	177.844949908588
17.8653110991477	PPNDH	30.2469838380866
9.87477281963863	APG3PAT180	10.3137538937935
9.84431651530832	ALLTN	13.7101061039416
6.34828672805857	ECAP3pp	8.73742377756047
0.209117787538849	SERASr	5.65727157633988
16.3194538084558	LPLIPAL1A120pp	16.3163273143542
5.51442024445757	GGGABADr	14.4133011463264
5.74534530970532	PSD180	11.4378574206988
10.5134422900573	GSPMDS	134.305984038697
58.9910628293098	OMPDC	57.6554181521944
6.37340143940361	DAGK180	0.0277781110682206
4.03455769786865	EAR80y	31.1289909955973
0.46	NNDPR	0.190338042346845
10.7537996694691	PLIPA1A161pp	10.3513999125154
6.82122326168105	EDTXS1	8.2817598491849
10.7537996694691	PLIPA1E141pp	19.3456954316171
4.39387451614104	3HAD120	17.9262445411535
0.008	ADNK1	0.008
0.371229170487303	DHPS2	0.0729373657245774
0.507402231738151	EAR181x	25.1226076678753
438.012822340482	FUM	926.985122788092
4.39387451614104	3HAD180	6.70541870111596
9.66340435185086	ECAP1pp	10.9383447535555
6.87430439124086	HEPT4	5.60206713146548
3.28395809606657	FEROpp	4.31541354923658
13.3447540146703	PPCSCT	42.5162931865175
3.29516313117813	RNTR4c2	3.79724662089966
147.301927177988	PDH	239.608918828279
10.8557719467887	GLCTR3	10.9070685027437
3.61218245230292	PUNP5	29.5953899652237
1.49190406602306	EAR121x	28.2869532411161
31.4913433767798	CS	57.4780540823508
177.065139062978	ACOAD3f	177.066817390225
13.678526406088	FACOAE180	31.5224193315994
6.37340143940361	DAGK160	0.0277793996268651
699.450754301741	NADH16pp	703.301975422063
4.7238623506414	3HAD60	22.275591576624
11.1279549747511	PSSA141	13.5610514462322
34.7185511909517	G3PAT120	34.7513262498806
0.15	PPCDC	0.407426249003398
19.0103517848249	RHAT1	22.2236289765125
5	PRAIi	6.12122486691319
13.9694726459131	MEPCT	13.9696650944432
1.27988953981167	3OAR181	61.3961108918232
3.28311771871243	PYK6	19.1950656249907
0.0542946360539788	METAT	0.295830141038553
0.00407857264841925	DHORD5	0.00407857264841925
18.1561006422383	NADPHQR2	124.333275230633
80.4671796115922	GLUDC	146.332428655654
9.87477281963863	APG3PAT141	14.8055152685988
1.82257631235063	ADCS	16.9170405510094
0.12	GART	5.08333475653984
12.2100308227317	AGM4PCPpp	12.9200900807758
6.23665409241565	PPK	0.0277798257318668
8.6990148311021	PPGPPDP	44.7469456365525
42.5161615804862	AGPAT141	42.6395642052658
4.95176257517003	HEPT2	5.60847802108991
0.474918771833212	MPTG2	6.12804682618814
2155.66943545417	EDA	2155.89208295077
8.49287900299281	PTRCTA	198.222292960297
135.338619967144	ME1	611.547633403789
14.5830301099742	PRAIS	12.9416319613328
136	AGPAT160	136.394835709328
16.7126625970639	TDSK	30.7985985069289
3.81484086552927	EAR160y	21.340122733011
5.86971862887959	RNDR3b	5.90724772868684
16.9676597109052	PAPA161	16.9855027851897
278	PFK	278
3.7544744728258	ATPPRT	3.19217918278974
44.351669172647	DHAPT	49.2721963465659
7.13686041960961	MMM	13.2109177684435
7.12301822013926	FEOXAMR3	0.432520444337824
4.03455769786865	EAR120y	30.8582688078458
59.2531488956125	HACD5	85.4935286617234
5.04881721113684	GGPTRCS	87.2513131470686
4.39387451614104	3HAD80	22.2658727853376
3.76112320556721	AACPS2	17.3813342701599
16	G1PACT	63.5241823966578
0.444460993907051	MTAN	1.34486104893421
11.6645773743091	ASAD	9.32252082178174
42	GK1	99.2101610416183
16.7969392463763	GGGABAH	71.1541727154328
5.29079931198922	S2FE2SS	5.29079931435412
6.34828672805857	ECAP2pp	8.73742377756047
108.588027779767	G3PD2	108.413694541783
0.32	DHPPDA2	37.7160794186968
24.532646993107	MLDEP2pp	24.5480711991132
7.91269582629219	MCITS	9.30356281977296
24.9302195019085	GLNS	83.0647007093046
3.81484086552927	EAR161y	29.5895670241788
4.7238623506414	3HAD140	14.1323474099951
6.10494911723952	FOMETRi	163.733093348062
10.7537996694691	PLIPA2G181pp	21.3381006224578
9.62180248466948	MCITL2	12.6901269715786
4.43933684472924	GHMT2r	14.0464753478018
7.11827119414585	ACOAD1f	7.19230032350075
28.1553987688921	SHK3Dr	30.8686359508281
3.63395450143943	GLYCK	41.6291155304584
0.696852840385725	CPPPGO	1.9575474232322
5.92034460327097	3OAS180	8.62272334281505
22.0985712615015	CBMKr	48.9923131785471
10.0047946408752	DGK1	25.7742216037812
2.43103799110981	DRPA	2.59138992709921
22	PPND	20.4608900970349
8.24329298955517	3OAR100	97.8987867315128
36	U23GAAT	4.827637391977
7.67790795167168	G1PTT	23.858080016648
22	PRAMPC	20.8675052220888
59.1963000296893	NDPK1	66.3260696592308
8.4755108185456	PMANM	8.82236450158008
0.028018758934332	PANTS	0.03269069418323
7.91377087589054	FACOAL161t2pp	10.0952231487247
6.40152230045654	POR5	18.4205899764218
10.7537996694691	PLIPA1A181pp	8.58788686938986
1.87647496051425	3OAS161	19.352448409774
12.2100308227317	4PCPpp	12.3592941369574
141.171248093136	ACOAD4f	141.173888351252
49.4063744431873	G3PAT160	49.8824051422951
13.3568510646453	NTPP5	13.4068883690137
88.2049040495694	TRPS3	89.1711821382672
17.6458325266833	ECA4OALpp	17.6796523128988
0.15	PPNCL2	0.407426249001308
4.32739356849149	GMPR	39.7852294929437
6.90934583794074	PROD3	132.948646303977
18.4911010881758	NTPTP1	31.8180329331548
0.724280662050357	QULNS	0.14467746640514
14.8549990880405	ACPPAT161	19.4772722341392
7.79882868786899	UM3PL	11.575109077135
1	UPP3S	1.48210597603188
4.39387451614104	3HAD40	22.2658727853376
12.0188378623327	GLYCLTDx	215.096783859061
70.9551139784491	LPLIPAL2E160	65.5229971428497
2.16834205221814	AACPS3	15.8490923889944
0.007	AMPMS2	0.007
23.1463962552721	RNDR3	23.1955143619255
35.4580895556515	TRDR	55.9260185151911
18.1800830767426	S4FE4ST	18.1800830784897
1.87647496051425	3OAS141	19.352448409774
10	IPPS	10.1114223948264
14	DHDPRy	38.2054456973526
12.1013484522464	HEPT3	12.2052285413896
10.6291000267471	ALLTAMH2	17.6389391475821
30.6265997297014	ARGDCpp	25.8313564046201
42.1371456160758	GLYOX3	76.2405910195335
16.7144388326034	FADRx2	16.7144388326034
4.84920199788896	ICL	37.6755111535914
129.542321434344	PGMT	129.565545948733
6.68041709674797	HXCT	6.83291151453169
6.19300769135426	GDPMNH	9.04085053750334
7.06844849399563	TDPGDH	16.9879958213875
30.4744957510635	DDPA	45.9226356513373
6.90950541323177	PDE1	32.005489949609
14	UAMAS	2.61479777813301
11	ICDHyr	9.18680434483867
9.99748309362758	CYTK2	20.9638639679666
5.726958245789	UACMAMO	13.0272760928959
9.32263154247246	NTPP3	9.35633156276175
0.608388066657058	MCTP2App	6.16710231660382
49.8379866532823	HPYRRy	83.9075174470313
17.9131183641197	UM4PCP	10.559819092414
32.7894786514513	ECOAH4	78.7146105594081
12.4033324847194	GSNK	35.0712822578486
7.67399226946877	TDP	21.278603427696
1.77608521380872	EAR100x	31.0564301138869
0.029624088079717	MOHMT	0.0891676245334938
70.9551139784491	LPLIPAL2E120	70.9446943513978
12.150661503191	HEPK2	12.1742856013593
14.9811492626551	NTPP1	14.981226548581
10.7537996694691	PLIPA1G161pp	0.523954526404158
11.8847026786785	AICART	11.1097609865022
8.85987966614543	MACPD	14.7988246725104
7.60892130006815	OAADC	48.3779877348618
1.48129909978704	PDX5PS	1.48684022401947
34.2295171481601	GAPP	99.7459028364127
28.6460085431503	THRS	25.3271371933677
6.8670545591118	THD2pp	125.875975404661
13.5923766946336	ENTERES	13.5924336120343
10.1661537772165	ADD	10.2060361413686
70	PAPPT3	64.9670376151988
69	MTHFD	235.074563132314
4.27830584222986	2AGPGAT120	9.43117373836633
106.717501617949	CAT	107.262466139275
26	ACODA	24.861721138483
36.1816049123875	HPYRRx	128.570225892172
46	PPC	90.1815937994103
9.47722204912371	ADNUC	9.56920628218936
112	GARFT	111.833789319993
6.33810777213502	APG3PAT161	9.3198539789387
10.1158531405334	CYTDK2	0.0277875005335043
0.12	GTPCII2	18.2687320785189
78.6920349312527	LPLIPAL2A181	43.1207136664636
6.95125327838478	AGPR	9.27601959862679
5.01271223867661	ADPRDP	5.61797190703738
3.2680205804032	EAR40x	40.9543155479592
7.9498660634001	PYDAMK	1.80942465329374
15.5612145346491	HEPT1	15.6104419150812
44.4918869994071	ACACT6r	44.7515663426474
228	ACGS	227.106464912501
0.07	ASP1DC	0.0296497952311108
0.763830547473857	KDOPS	2.60912112660982
9.72248156463871	CYTDH	11.8036185563134
7.0441397354614	DSERDHr	78.1705736293342
3.70100063106254	MDDCP4pp	7.95952943485877
3.79385723706577	EDTXS2	3.84096152387249
14.6480923425953	ECOAH8	112.578527881852
21.1013834797386	ALCD2x	21.1206595580602
9.78144941091262	CYTDK1	0.0277784191925643
1.30103467933211	FCLT	2.42767920636038
16.3405813766365	MCOATA	71.4812765634496
8.46642382814223	TMDK1	22.950759867895
32.4432385562773	ARGDC	39.7918900555391
3.76112320556721	AACPS6	20.0930209451119
70.9551139784491	LPLIPAL2E140	70.0230213809846
17.9905730992609	GLCTR2	18.0224920881973
0.0299207198851433	5DOAN	0.45311965079172
53.0481222661386	ACONTa	47.911914120386
86.4269139876146	TKT1	139.068207332488
3.58216518716408	PUNP1	8.65562275394425
7.6212375081202	R5PP	7.62720492923544
70.9551139784491	LPLIPAL2E180	67.0379046036806
19.4287147866981	GTPDPDP	39.3396352213152
18.2998718885334	TREH	18.3407611944274
9.72248156463871	URIH	17.003822706945
163.678729835396	G6PDH2r	153.270343002344
5.50686501417287	GTHOr	67.8048542143961
84.8451257345241	BPNT	83.2091669933782
21	PSCVT	5.73724481310076
59	DHQTi	35.5800131345032
2.2	GF6PTA	5.13566832163632
12.0179446399117	INSK	62.1246310816741
0.23	DHFS	0.0293678704469519
10	SHSL1	7.42738402879147
4.82665967492526	AHGDx	0.0277802282007662
0.567371613797198	HBZOPT	0.581259469851581
7.34603584029288	ALR2x	11.0765469632116
1.28772688539305	OCTDPS	0.173464681957904
23.3858776716333	ABTA	118.467562989803
8.24337196264866	3OAR60	97.8988162144909
5.74534530970532	PSD141	9.55371876757977
92.8305552312845	EDD	418.45468773565
7.4	TMDS	2.59222368382665
5.93045782748065	AST	20.6956557321808
18.3123222720833	MDDEP4pp	18.4837209942582
2.65203617251836	DHFR	6.17073584840659
3.32633594496724	PPPGO	4.99093164206129
7.9	PSD161	15.9799506675708
12.0135408265643	F6PP	56.6419210101268
11.5424674218984	NTD9	56.6867424601346
0.0156143146075014	RHCCE	0.0156143146075014
9.1	HCO3E	83.0401108134006
3.76323216049135	3OAR161	64.7843237618887
0.120344379706301	GLUTRS	0.128228220796823
0.184466497531518	PPPGO3	0.773710484000868
10.1733686206634	ALATA_L	65.2617570245243
151.868642334337	HSK	151.327705486595
11.1279549747511	PSSA120	15.0638517524493
34.7185511909517	G3PAT180	34.8742754091884
1.30900572807743	GALUi	4.35940540827003
13.5382564797121	HPYRP	14.6777374182253
17.6986182226431	G3PD5	37.7507808729059
17	UAGPT3	10.9919417562605
36	FACOAE160	45.4583538201912
17.7605080306089	GLCTR1	17.7722889211921
9.71671132192274	AGM3Pt2pp	15.8084684361627
2.44626436685676	AACPS4	26.1661930762634
32.2022536372637	FA100ACPHi	0.0277802607994991
16.3194538084558	LPLIPAL1E181pp	11.8698679761853
0.34	SHCHF	0.0776539148481969
6.84138279261006	ACCOAL	31.2362832907044
14	PRFGS	6.35255612105195
8.50809961482906	MMCD	10.3219908778047
12.3521936260443	GPDDA2pp	42.5798691689966
14.5905993785821	CDAPPA120	30.6543183424727
0.34	SHCHD2	0.0776539149716929
103.561878025645	FBA	103.695676737481
7.04964753908229	GUAPRT	11.3174001229189
48.3375841974961	IPPMIa	49.2955413121866
31.631520610796	DASYN141	31.6776892121928
1.8061711658725	GMHEPK	5.71389838937478
3.39630763544674	I4FE4ST	3.36124197044872
12.1134114172347	RNTR1c2	21.0628193110183
7.55355587820654	AGM4PA	6.83228326928934
14.4370563752109	GPDDA2	14.4846535856684
13.0123677341436	SADT2	25.8644361774866
5.33664385022243	PYNP2r	12.8664175857397
4.62720290212769	LCADi	42.5111540022742
30.2656512306736	TALA	105.270840461532
31.631520610796	DASYN140	31.6795948265049
31.8462858930882	RNDR1	31.9930090111683
22.4670136651908	CHORM	32.8165439924679
38.5306805462644	DHORD2	38.5258791229216
17.7430003261412	G3PT	75.4927505593541
31.631520610796	DASYN120	31.9374034892371
2.8	ARGSS	7.52509570788556
9.47722204912371	XTSNH	0.0321883713176667
7.02372014918449	AADDGT	21.0646670914908
18.1561006422383	NADPHQR4	166.21179709183
13.678526406088	FACOAE141	37.5855946176834
29.258245134103	GLUDy	197.658178965366
13.4963772115735	NTPP11	13.4963772115736
28.98710156221	TRPAS2	105.095399500571
4.03455769786865	EAR100y	27.6279842534269
6.12785683575419	POX	82.1643573361679
13.0634177806784	RNTR2c2	14.943909812043
129.94468556604	PGI	129.944685566075
22.9493866299083	FACOAE181	21.4915924341425
5.86685213809256	ACACT8r	12.3742260902234
7.57928781022639	GLYCK2	49.5592469670276
3.53916021095346	PAI2I	3.83812395812714
4.94263743088984	FESR	43.2273410539044
6.02573911039186	SULR	60.6896119304698
17.1915076828226	GSPMDA	134.357074204726
52	LPADSS	52.0013736658151
3.8511448018947	MECDPDH5	3.93349733571202
0.27	PNTK	0.0907608083981143
10.7537996694691	PLIPA2E120pp	19.229976932835
31.4348629061135	ACOATA	4.53729320842702
325.69661009454	PTAr	327.277062235138
16.9676597109052	PAPA140	16.979897484894
14.4982404650522	TRE6PH	21.749093049772
0.135608986592734	CLPNS181pp	4.22649994365184
12.3521936260443	GPDDA4pp	24.135741303877
0.00298546352020273	AACPS9	0.00298546352020273
7.79882868786899	UM4PL	0.133991649860263
1.84914427838857	MDDCP3pp	7.10021893095112
5.32236823396501	NNATr	5.48990822777255
71.4293253002498	TRPS2	96.8903135204454
47.9316975036025	ACACT1r	47.9525460592378
5.84679084607549	GDPDPK	19.7945796779595
29.3601534015691	ECAtpp	31.2218025934023
7.04937702292617	RBK	23.3677876978669
33.3731597285484	PGPP140pp	33.3732134597078
19.1000025991512	CYTBD2pp	84.9926410613544
70.9551139784491	LPLIPAL2G120	70.9527975531773
5.74534530970532	PSD140	5.77967680033412
0.03	PDX5POi	0.0300000004887914
6.82409057435941	ACMAMUT	22.6269456018971
8.4280132477343	MLTP2	5.78721350298169
0.00167803910640036	OHPBAT	0.00167803910640036
17.0332729614286	PRPPS	42.0521922302344
17.8309398407416	VPAMTr	121.133084614804
5	ANPRT	4.44534572367273
0.936895016381711	DHBD	60.8469753808853
16.9676597109052	PAPA141	16.9932185016743
18.8449876726474	GMPS	21.6742020217549
78.6920349312527	LPLIPAL2A161	26.3205245086476
33.3731597285484	PGPP180pp	33.3736257199926
3.45122103767822	DNTPPA	3.4586268758147
4.27830584222986	2AGPEAT181	9.71864214464363
0.585096478864559	GRTT	0.597857852755903
8.57137535484602	ACGAMK	17.1937654081739
171.897800219254	ALAALAr	171.898177365063
32.7526628660403	CTECOAI6	88.0820975076227
24.4710071815017	ACPPAT160	25.277977486808
5.64532486823644	APH180	0.0304038898718575
6.9761014205088	MLTGY2pp	8.32416543178487
156.615656584062	ASPK	236.339357309974
3.76323216049135	3OAR121	60.4082607213155
4.98904680464982	NDPK5	5.51771770685484
10.7537996694691	PLIPA2A181pp	22.2801740618146
0.117179957550107	E4PD	1.23226619334962
12.2299655765177	GDPMNP	86.8801934285514
5.92034460327097	3OAS80	27.0824308653484
8.75928626340847	LSERDHr	80.6095264177537
24.9864478005271	ECOAH6	74.3677610520841
22	FACOAE120	15.1137212680748
33.3731597285484	PGPP180	39.3175151180912
13.4859997903367	GLUR	34.659197578155
7.5975929923852	2MAHMP	7.66926426967754
19.2183185651919	PLIPA1E180pp	30.8777772671989
13.9136776986161	4HTHRA	13.913833715265
4.27830584222986	2AGPGAT161	6.26981946339601
11.3233008256728	PGSA120	11.3332450995983
10	ADSL1r	34.0569248264458
43	UAPGR	36.6636752275822
9.66611921712663	DHORTS	5.43730910309877
17.477194593864	L_LACD2	78.1583168394546
4.2	ASPO6	0.167953520271859
53.9575791765669	NADH17pp	254.384044021033
2.16536211916694	NTD8	41.2259281640062
16.3194538084558	LPLIPAL1G120pp	1.65489502285713
139	DHAD2	138.837906039493
38	SERAT	111.158792591811
6.37340143940361	DAGK181	13.7143614703853
10.0950127452361	AGM4PApp	10.8565224067691
4.84128359060696	SGSAD	20.6776734592339
17.477194593864	L_LACD3	17.7160238440235
1.8061711658725	GMHEPAT	5.71389838937472
8.4280132477343	MLTP3	6.19847386918635
1.25856158095846	KARA2	7.6534844387969
42.5161615804862	AGPAT140	43.0700530870953
4.39387451614104	3HAD121	20.2079881365448
154.296915465516	ACKr	154.92958199942
4.81427669638384	DADK	17.8719143269618
19	ASNS2	15.5080444399407
60.7437517420101	PPCK	60.7437517419543
8.99468052267482	UPPRT	1.71378957922102
0.148088871232051	DMPPS	0.14021411783765
7.86168894408219	HSDy	58.5438487149103
14	G5SD	20.1655832248775
68.3525058092151	GLCDpp	320.107006609722
7.55355587820654	AGM3PA	20.0531880812331
14.5905993785821	CDAPPA161	10.583867946368
4.03455769786865	EAR60y	31.3483327132076
21.1202496280269	GLCS1	20.4759833494006
18.8214703548273	LALGP	0.50441148147678
15.8474194403512	SERD_D	205.041937012887
9.73912172260244	AP4AS	41.3952453682804
7.12301822013926	FEOXAMR2	0.467945152108023
33.3731597285484	PGPP120	33.376732488462
8	UAAGDS	4.8236348890679
59.423158320646	HACD3	85.5677181660235
9.94912056286888	PLIPA2G180pp	19.1022052107948
4.34390852749122	ORPT	36.6658794371609
5.28666282406101	NTD2	116.645913462721
76.9849171370588	FDH4pp	278.25454705588
11	ARGSL	7.73634132264702
141.171248093136	ACOAD8f	141.171231411502
0.00541425854537074	FACOAE80	0.00541425854537074
16.3194538084558	LPLIPAL1E120pp	16.4840441127524
66.7611983218546	GND	102.728933767382
34.7185511909517	G3PAT141	34.8566039579823
8.28061648420117	VALTA	4.93300423171554
5.92034460327097	KAS14	22.145157336612
96.7379748902582	IPPMIb	96.9808429771706
4.26551759693818	3OAR140	83.7095104895704
12.0378378856263	NTD10	151.352780766228
8.38446736006649	SDPTA	36.9361124201246
16.7185097291515	UGCIAMH	17.6613850799989
10.1004168584709	ILETA	30.0919870951282
12.2318421292692	AMPTASECG	11.9376763776869
68.9189154272571	PPA	635.909687681267
78	DHQS	73.7608805894546
42.5161615804862	AGPAT120	44.1270490140079
3.1795960845827	HISTD	3.40845698021283
10.7537996694691	PLIPA1E140pp	9.69123937824694
6.37340143940361	DAGK140	4.72703387286322
3.3	ADSS	3.77497546990187
6.27275024623321	FLVRx	5.81184070846522
64.4189010282935	LGTHL	135.60038791433
11.7689348811775	TRE6PP	11.7974934013733
6.28235209377117	NTD6	137.666116462489
3.33574484275822	PTA2	2.50284375236198
395.486610471369	ATPS4rpp	1249.09518030494
1.87647496051425	3OAS121	19.352448409774
37.2296643882805	A5PISO	38.1724023937267
42	CHORS	60.2637580350781
7.9498660634001	PYDXNK	0.176648998417731
0.24	PPBNGS	1.37151724670131
5.13659347260333	SUCOAS	44.144600740976
26.4872899377807	UDCPDPpp	64.4510604397518
17.9131183641197	AM4PCP	4.73521166143761
5.2334005566775	CLPNS140pp	5.2382419696826
0.0214258833324572	TMPPP	0.0214258833324572
49.3225731395513	ACACT4r	49.5341549224539
7.65991161133188	NAMNPP	0.15489936551657
9.82711567839092	ABUTD	145.545222999148
4.06600945016315	AGMH	7.56688447924258
7.49076096620309	PGAMT	3.76478360108829
8.53911941823882	HSST	4.30954609576446
6.7	PSD160	15.0363209117008
12.3450146303109	SHGO	15.8175209679612
7.91314238864529	TRE6PS	64.0579550730976
0.00908518444447114	GTPCI	0.00908518444447114
3.81484086552927	EAR121y	24.7023983988598
1.67871775655375	AACPS7	7.08353929366853
1.63139027289837	S7PI	4.1136801613763
24	CYTK1	43.5804902484381
1.28656250077213	PTPATi	1.85829074575948
21	UHGADA	22.2030002985878
18.4911010881758	NTPTP2	41.9179876083894
70.9551139784491	LPLIPAL2E141	69.3231872101431
8.27561050810826	PACCOAL	0.027779128705969
22.4070633631046	NDPK3	26.8998401587778
23.7281625729441	UDCPDP	50.2418428338084
11.2622474817792	NTP5	0.0277848046063613
9.23596612648813	NTP1	0.0277946511922708
154	AIRC2	153.691369747039
84	DAPE	82.7805810681957
2.20365653517859	PSD181	4.81364218828696
7.72563595203305	OPHHXy	7.72574289871407
14.5905993785821	CDAPPA160	27.373443570904
5.02373334184366	F6PA	179.41706768728
9.71671132192274	AGM4Pt2pp	10.4072554124564
32.1934820696073	ECOAH3	78.399478302884
108.169244504748	PFK_3	108.16923573373
4.39490951111428	EAR180x	7.22290301954882
188.924437140568	SUCDi	427.94900970527
5.92034460327097	3OAS160	21.495288287332
10.1593467066937	IMPC	11.109758632224
7.91377087589054	FACOAL141t2pp	8.5131448982464
35.7711244019367	HACD8	117.248078999605
4.30144019884974	PPAKr	23.0499897245991
0.31	METS	12.9216264186971
11.3233008256728	PGSA180	23.2584499893801
32.7526628660403	CTECOAI8	116.704333901848
57.8494981269925	HACD1	78.7102803204279
16	UAGDP	63.5241823966578
6.9761014205088	MLTGY4pp	7.41761060978355
15.0781276605754	SADH	30.5375702421432
9.74701540726299	HEPK1	9.89779003662669
70.9551139784491	LPLIPAL2G141	69.7217667640864
5.26176283862732	FE3Ri	17.9448830184223
10.7537996694691	PLIPA1G160pp	7.92884710943499
10.6047276455777	ICHORS_copy1	9.20714560613371
5.64532486823644	APH181	5.36771211992988
0.194692175869479	HMBS	0.212864732405117
9.24437268361056	GLUSy	90.6016622247883
8.508720299453	ACOTA	9.26711943497305
3.34738015798494	4HTHRK	3.3473801579833
7.12301822013926	FEOXAMR1	7.75068424331035
4.7238623506414	3HAD160	18.7661407087355
44.3822675925909	ACONTb	36.4771408270688
3.94877616119486	UAG2E	12.0791827200543
6.51408479417205	THFAT	7.80311235238343
7.91377087589054	FACOAL140t2pp	7.93415241458294
1.35081523236687	EAR140x	23.0914493243252
2.4	THDPS	1.30917318647903
7.52114907689696	NTPP8	8.92902089545807
85.0720534858788	ADSK	83.6628201916483
1.49190406602306	EAR141x	27.8145454551133
3.30275553856767	I2FE2SS	3.18874020491303
3.2680205804032	EAR80x	40.9543155479592
0.0165967054233192	GTHS	0.0165967054233192
6.2099955014517	ALAR	7.29502400894512
5.95604008098527	HSTPT	11.7939085506811
11.379820332083	NDP3	5.47875948783633
16.9676597109052	PAPA181	16.9729532743964
9.43165489858234	MLDCP2App	10.0769347519706
0.543619102929351	CHRPL	3.31319521224883
3.49684293835857	NDPK8	13.9028114415899
0.168924501541162	G1SAT	0.340676682597438
1.48400860358283	PSSA181	1.61644361122554
3.61218245230292	PUNP6	36.3096721883803
12.1491081447529	GLUTRR	22.4920155563849
9.64357492966325	IPMD	7.55088319744533
11.5036707235437	GTHPi	94.4565728727754
14.5905993785821	CDAPPA181	17.734596436953
50.5363737418265	HACD7	90.8339820478366
5.4924414425035	APG3PAT181	12.045122803018
29	UAMAGS	18.8695471818252
9.94959455216948	ADPT	6.57366882575784
0.011359717623223	I4FE4SR	0.011359717623223
18.1561006422383	NADPHQR3	57.8560938654247
3.91046418939074	TDPDRE	6.48792729756343
15.8619296332902	AP4AH	97.0674661390234
4.27830584222986	2AGPEAT120	4.40381042173382
0.212326005766108	DAAD	0.0315905281452287
37.3656163524736	FRD3	222.610277040407
55.4094643400599	HACD6	83.6741584863222
33.3731597285484	PGPP120pp	33.3731759169585
28.6731048574488	TRSARr	45.6932589868003
14.9841776036285	KAS15	17.1272548322859
3.43804149583395	PAI2T	6.45447768040333
10.0950127452361	AGM3PApp	11.2581114166559
14.3908252606217	CSND	22.1209021506982
3.34464481213215	MDH3	265.575450211433
805.926305067497	MGSA	1067.80206678054
34.7185511909517	G3PAT140	34.7220802771363
10.7537996694691	PLIPA1E120pp	10.8676680605739
5.74534530970532	PSD120	13.1522250740428
2.40084005051582	PAPSR2	19.5265424932005
4.64863027546045	FLVR	0.0278339827979088
21.7906889741116	DURIK1	22.0807760416647
14.6251536039818	GTHRDHpp	14.6251772458887
11	CTPS2	2.6791758612393
33.0541357457718	DADA	33.0541425094199
5.17741184962385	3OAR180	8.04473443119367
3.61218245230292	PUNP3	3.69934166345311
0.00208115513686405	G6PP	0.00208115513686405
7.43237917930687	PDXPP	0.105256380024536
4.2	KDOCT2	1.51311741947082
189.368885346935	PGM	203.484552162899
5.92034460327097	3OAS60	27.0824308653484
3.57382272279548	GNP	52.0685052792075
18.5317969992483	CBPS	31.55731622661
11.3233008256728	PGSA140	8.2656987981438
0.09	FMNAT	1.99938158515757
2.16143696367366	ADMDC	3.07356540595758
3.35086834918046	ENTCS	5.18126733252531
3.67344216144375	QMO3	55.8286526629646
4.27830584222986	2AGPGAT160	8.55390544855073
8.46991458184782	G3PAT181	18.9743011657182
3.76112320556721	AACPS8	0.0687674509410358
16.9676597109052	PAPA181pp	25.9827730338465
5.64532486823644	APH161	2.99892975676163
3.81484086552927	EAR141y	34.145905360484
0.32	APRAUR	37.7160794186968
1.1	DXPS	0.120156891951524
4.39387451614104	3HAD141	20.2079881365345
0.81	UPPDC1	0.204483847112815
0.313750394210426	HPPK2	0.78009095725086
6.23665409241565	PPK2	6.23665408847789
7.36065535534709	NTPP7	32.506139617685
4.95149832289923	NDPK7	7.46952431530987
0.445730546112667	MLTG4	0.0277821230209013
11.1279549747511	PSSA180	10.848281388395
33.4229717576011	ACACT7r	33.8800799000221
8.19083404537989	GTPDPK	29.5475764651855
10.7537996694691	PLIPA1G181pp	10.7806411003098
9.8696185083081	LDH_D2	64.0834672602208
4.75412267252741	ASPO3	4.75409931324696
6.37340143940361	DAGK141	0.0277779702802118
1.33389682554036	DPCOAK	1.34546879208571
7.91377087589054	FACOAL160t2pp	8.23986617404274
9.05553677971361	PHETA1	15.5183180540692
0.0523365402118008	AHCYSNS	0.460396629583062
13.678526406088	FACOAE60	47.0447457620905
20.0797810122274	OCBT	30.9491514892288
9.78144941091262	URIK1	41.7376838273811
3.81995890025428	GLXCL	91.0352563802908
1.31640661008089	3OAS181	2.18619085391962
12.946525398015	MN6PP	11.1584193395002
22	PRATPP	20.8675052220888
59	MOAT2	59.0006205750039
5.29079931198922	S2FE2SS2	5.29079940304036
2609.26794703223	GLYOX	2609.25957729466
8.03893063993268	GLYCLTDy	274.797439916288
15	PSSA160	19.1999894563388
5.79890677379566	FEENTERR4	6.16803718289403
195.856878553668	PPS	223.185785567362
4.27830584222986	2AGPGAT181	10.1000732260843
23.3169310769599	GMHEPPA	23.0006399112711
8.24337196264866	3OAR80	97.8988162144909
3.15043503552138	FDH5pp	48.0827551581215
18.5922898085779	PUNP7	19.2185077419964
0.0737204848470377	RBFSa	6.21434562734705
12.0076793406068	GLDBRAN2	226.053436790013
51.2640144234606	ADNCYC	52.4305021147881
10.1158531405334	URIK2	7.84770374142707
10.7649039385675	HCYSMT	1.09783883665642
37.4134199559911	PSERT	104.38640182271
24.2416058379824	ECOAH7	86.1343885555008
12.0367226800489	AGPAT181	13.0373741736549
10.7537996694691	PLIPA1G141pp	7.11684316935168
14.7813586093928	ASPT	151.752134415835
43	FACOAE161	70.6822506515365
4.08681070369138	CDPMEK	0.404128742412186
14.4370563752109	GPDDA4	14.4696513551035
16.3194538084558	LPLIPAL1G181pp	11.2185971387046
21.7085522706885	KARA1	27.4177110859734
14.2250386671848	AIRC3	104.157881825031
16.9676597109052	PAPA140pp	16.9688689589968
32.4949661754608	SHKK	48.9166153382574
17.5269456107024	NTD7	151.631856922207
7.31569220491032	TDPAGTA	25.6931136677735
5.92034460327097	3OAS100	27.0824308653484
26.7081760308423	THIORDXi	11.008603871167
44.6903126035828	DASYN181	72.7282412845507
6.360662346572	ASNS1	2.43473510364746
420	DHAD1	419.946617562976
16.3816873656339	LIPAabcpp	28.8366836323098
160	AGPAT161	160.335142052697
4.93247882186656	MCTP1App	7.5767662359004
26.5565496634357	UMPK	49.4667928671333
3.8	HISTP	5.84617387144119
70.9551139784491	LPLIPAL2E181	47.2438699265444
3.38629696219554	MECDPS	3.44663178135214
10.6917095572778	NTD3	110.560962591191
9.87477281963863	APG3PAT120	14.8012204777298
5.33350755901341	PPM	22.6655750131648
9.71671132192274	AGMt2pp	10.0166177554422
3.19280138872202	3OAR160	59.6012770117803
13.8996381142985	ASNNpp	34.3323626597057
6.17726180909412	4PEPTabcpp	18.6517214646923
16.5941999635267	USHD	17.1538655249424
8.24337196264866	3OAR40	97.8988162144909
4.06600945016315	AGM4PH	4.53342997784784
8.41916898496515	GLCP2	19.9455469175705
2.3137737375996	ASPO5	2.32527376513382
13.8354553098106	ALKP	22.4394919150282
0.888063877555547	IPDPS	0.888063877552197
9.27286448964064	LPLIPAL1G180pp	9.36697341790446
178.097602229689	ACOAD5f	178.099261154487
7.2	MDH	13.6611250664431
18	PSSA161	21.5850708525597
10.7537996694691	PLIPA1G120pp	24.876666705637
32.2022536372637	FA80ACPHi	32.2022536476606
37.564156745734	MICITDr	37.5648144339073
7.13652466003536	APG3PAT160	11.6187069414473
1.26576123437941	EAR160x	21.8021187000377
57.5550750822299	HACD4	84.7748266793122
5.98058042386664	FMNRx	2.43308684147239
11.5118670178791	S4FE4SR	11.5118670179939
15	ADSL2r	29.1185189629681
86.7116673035816	DASYN161	132.175984005822
0.03	RBFSb	21.2774519509611
4.39387451614104	3HAD100	22.2658727853376
0.0797674465458344	G1PP	0.0792818445612659
0.373794511155472	MDDCP2pp	4.42497866202754
157.881311434786	ACALD	158.134554655276
32.1731186850537	ECOAH2	69.6530585333102
5.82556844710157	ALDD2y	118.903534068151
7.3273393941184	NTD4	75.1711770142311
0.0215920627931895	ICYSDS	0.028606963862759
33.0541357457718	ADA	24.4317247213951
59	MOAT	59.0006205750039
5.64532486823644	APH141	0.0352030254959299
15.825706161739	SGDS	22.1099501644316
0.0165119707806824	GLUCYS	0.0165119707806824
8.38052765338577	NDPK4	13.1610848966833
193.906572544439	TPI	193.906572544439
33.3731597285484	PGPP181pp	43.5238619474473
3.81484086552927	EAR180y	7.27653986256944
13.138414218614	ASPCT	50.4080189796211
61	GLUPRT	58.9835055590327
1.8	IMPD	8.64285767974561
17.9131183641197	4PCP	17.9131183640867
26.824997024954	PFL	156.767838931358
1.23246860390301	MCTP1Bpp	5.58025998658015
0.5	PMPK	0.0371339869751646
11.2866253651575	LADGMDH	40.5423624942287
17.6729642199055	AGDC	28.9082081590882
50.1551506475236	ACACT2r	50.3597392127115
11	DHDPS	25.8905647185067
16.0100104283114	PGK	24.3139524216734
6.0730986057998	NADH10	12.3794422742497
10.7537996694691	PLIPA2E181pp	26.8478589817141
8.65643947924285	LDH_D	79.2606128630183
17.2590808767831	ANS	17.4455325131076
7.10499831048079	PETNT161pp	20.1744233561608
2.08168429864306	GRXR	16.4207021284037
32	P5CR	25.0941316360891
11.8151570105411	GGPTRCO	15.3127262555338
141.171248093136	ACOAD7f	141.17286449216
4.19282309762856	3OAS140	21.1384023280281
12.3434475641483	GUAD	10.4302285743422
4.46670653180314	SPODM	42.2809820325572
10.7537996694691	PLIPA2G120pp	1.20930146332253
24.2146880499225	ACHBS	51.8161656546549
33.1249150534487	SERD_L	95.3863917433755
0.797018233205693	PUNP4	3.55274294509316
3.3	DXPRIi	0.319937455182416
31.2362234610073	LYSDC	125.34427050428
117.269621287688	PYK	131.758796565638
7.74158107713212	ACS	22.044352863885
150.315575924322	MDH2	468.311554623403
1.5530820637521	ADCL	44.5717995268221
12.8389409520264	MPTG	14.3521720099001
7.16428041109659	TDPADGAT	49.4623208958842
2.91790367174636	DHNPA2r	3.11014198240838
4.83037995559269	ACM6PH	132.620929783655
157.859884613081	FBP	157.888336495849
9.32990956289489	UGLYCH	17.484360612017
5.61409039436033	XPPT	9.69660994353709
7.04964753908229	HXPRT	7.03374166818891
35.4055116366341	4ABZGLUH	35.7803674647353
17.7319925689386	GLYCL	84.7864510871154
36.924305260043	ACPPAT180	37.179330507898
4.31628619828794	DCTPD	4.31390685013272
5.40405812820357	CPPPGO2	0.112849417855932
111.484064976126	DASYN160	139.96992502931
6.0730986057998	NADH9	24.9887065689571
3.2680205804032	EAR60x	40.9543155479592
48.8046583918772	FRD2	194.061131693333
16.9676597109052	PAPA120	16.9681526012865
54.6504588981143	TRPS1	55.4491288388172
10.7537996694691	PLIPA1G140pp	9.69123937824695
5.21653540222097	2DDARAA	5.21655155808572
8.42233184067756	NTD5	157.455878454157
31.631520610796	DASYN180	41.0020873911265
0.113635978384975	ICHORT	6.90330084847515
2.64096179762377	NADK	5.26286375844736
4.67691144447274	NTD12	85.2495467401865
39.6398380856591	CYSS	59.6772003976535
9.12247253823189	GALT1	9.14950294686965
3.32901422177842	PPA2	66.0927765323177
40.7277313515213	ACACT5r	40.7621798402361
26.9093338335343	ECOAH1	68.9503476237359
7.55355587820654	AM3PA	19.4675632032559
1.77608521380872	EAR120x	31.0564301138869
5.60790271955258	FMNRx2	1.46229261053298
40.7277313515213	ACACT3r	41.0370705570667
14.5905993785821	CDAPPA140	19.9870823176851
10.59607020381	DCYTD	13.8085054055079
3.8	IGPDH	5.84617387144117
4.03455769786865	EAR40y	31.3483327132076
17.8650969005895	SCYSDS	17.8650969017868
4.06600945016315	AGM3PH	5.43495065697899
7.80073017029772	TYRTA	13.7231974483886
0.23	TMPK	0.274041824709955
0.09	RBFK	26.7320913196862
13.4800577512757	PRMICI	8.16129754969286
2.44977186579031	UAGAAT	20.9123084816918
6.37340143940361	DAGK120	0.0277779469904667
9.47722204912371	INSH	9.56137793807862
37.5180492534449	LEUTAi	47.7809377889222
1.49808180321955	MDDEP1pp	5.32660513268425
122.993573124826	ME2	122.993573124079
10.2736379789841	ANHMK	15.5005178573354
10.3954899567112	ACGAMT	30.3581777028958
11.4055353088469	GLGC	59.8824190106411
54.2201067396986	ALCD19	54.4439793256873
4.27830584222986	2AGPGAT140	1.040325187712
5.51462248092798	PRASCSi	8.25139826670435
31	ADK1	56.2084256637901
55.7009974553855	DAPDC	54.2397145821785
0.445730546112667	MLTG5	0.0277797407776567
24.2199993725483	R15BPK	38.3856450444084
3.72011217539015	MTHFR2	4.425293301419
10.59607020381	CYTD	14.7055978754878
6.2019908206647	TMDPP	7.49449433961738
3.42551556403819	GLYCTO2	129.125294020083
18.4653911971493	ACOAD1fr	19.9821890626055
18	DTMPK	18.0123957012714
19.5202533533525	GLYAT	42.047101723796
12.3954475664231	MDDCP5pp	12.8452486156871
19.2183185651919	PLIPA2A120pp	22.1901873701974
3.81484086552927	EAR181y	23.1900638544989
17.3714931361751	THRA	24.6296483741545
45.3482514390652	CYTBO3_4pp	499.346172847825
2.04743283973816	T2DECAI	17.4339608630475
8.42233184067756	NTD1	25.5345712231044
10.0373918643451	DXYLTD	10.037394132192
129.988812763387	TKT2	159.678884777606
32.1975067467725	ECOAH5	78.40157006433
5	IGPS	6.12122486691322
303	FADRx	303.000000019419
53.9279454930502	NADH18pp	299.121011808396
55.6113261824479	FTHFD	458.871328175265
8.40984804863167	CYSTL	25.8665288143905
0.518672695127365	DPR	1.18830226391311
6.9761014205088	MLTGY3pp	7.7030460166367
3.76323216049135	3OAR141	63.9801844492073
5.92034460327097	3OAS120	23.4775017954542
36.924305260043	ACPPAT120	36.9918674441195
6.0730986057998	NADH5	24.9564035063976
0.808873218866375	COLIPAabcpp	1.54565083791465
0.585096478864559	DMATT	0.597857852755903
68.2906734786104	HPYRI	82.7068527823386
4.6710064327499	OBTFL	21.4119157353745
305.067211620742	HEX1	410.085241339593
7.10499831048079	PETNT181pp	16.422179387078
16	UGMDDS	7.98007369085429
7.48538395020982	HEX7	157.099858616494
0.215400054772666	PMDPHT	14.0214528535803
14.3838357545581	RPI	696.890254949965
4.03455769786865	EAR140y	23.7855386938817
13.3479399927695	AGMT	16.3007726644751
8.4280132477343	MLTP1	17.4287922674523
6.37340143940361	DAGK161	13.8129614368735
13.4963772115735	NTPP10	13.4958315777306
7.91377087589054	FACOAL181t2pp	16.2973842818838
3.90009990403904	PGPP181	6.28273690261955
0.161613505067713	PUNP2	22.8965700564099
6.67679651458127	IPDDI	6.68274892245471
0.150831209620209	THZPSN3	0.0280577218757936
15.5671218675882	G6PDA	13.2863480222502
0.0263814182897123	DUTPDP	10.3191433759219
12.8800134178269	ASPTA	14.8400703674814
19.2183185651919	PLIPA1E160pp	18.1576069200108
3.6316462288739	AI2K	3.70718086087905
9.97267444166286	NADHPO	144.180040002275
17.9131183641197	AGM4PCP	8.05121536428233
37.464286427222	PGCD	110.528548630229
6.9761014205088	MLTGY1pp	7.83736223309529
2693.14210994718	PSP_L	2693.07285687818
0.0429060109254141	GCALDD	1.28664307856576
14.5905993785821	CDAPPA141	38.9485731284329
0.34	DB4PS	38.2673566603552
25	GLU5K	52.7720323292437
428	SDPDS	427.879266228514
32.7526628660403	CTECOAI7	116.704333901456
15.8054508832196	MOAT3C	19.2898831519911
10.7537996694691	PLIPA1E181pp	18.2107765546399
30.1104369946513	THRD	32.4939828574272
8.44448432836534	HXAND	19.2994563863166
1.49190406602306	EAR161x	28.2869532411162
69	MTHFC	235.074563132314
3.30832139753064	OPHBDC	3.3172868178427
8.43283823160346	MAN1PT2	18.9644530414812
58.1848761721395	ENO	58.1848761721405
6.46472426311112	PPM2	6.85511921424223
7.55355587820654	AM4PA	10.1118080761559
70.1659565032491	MALS	89.9150055278743
0.934695618341888	AGMHE	3.80769420694561
78.6920349312527	LPLIPAL2A141	78.3609546840485
33.3731597285484	PGPP141	33.3749802478474
5.95572870045351	GUI1	
7.98690145352878	DXYLK	
5.07144077841572	GLUNpp	
3.32432583544691	I2FE2ST	
41.469124247573	6D6SPA	
0.02	BMOCOS	
31.4348629061135	ACOATA_b	
8.61983957121507	RNDR2b	
8.26488093467909	FRULYSE	
5.80040086969086	GLTPD_b	
70.9551139784491	LPLIPAL2G160	
0.336712933665159	OHPBAT_b	
9.78017358694592	BWCOGDS2	
5.06552584681538	3OAR40_b	
7.8456224702159	PSURIK	
356	ACOAD2f_b	
7.17026079129293	DTARTD	
8.28835858207763	RMPA	
7.54006725425595	SHK3Dr_b	
7.45089023981007	MALTATr_b	
21.4753385719262	NADPPPS	
8.7518300449315	ACP1_FMN	
13.5320841274986	ECOAH3_b	
3.31883883080054	OMMBLHX3	
15.8060012194203	NTD10pp	
9.68776117812554	SULRi	
7.08438771382553	5DKGR_b	
37.7623836733976	HKNDDH	
21.5778026792875	ASPTA_b	
17.6458325266833	O16A4Lpp	
14.4370563752109	GPDDA5	
5.66311126869771	3OAR160_b	
9.23305898355569	POR5_b	
12.8197036018068	DM_aacald_c	
60.9399212836141	LPLIPAL2ATE140	
0.0330976153708453	PPK2r_b	
5.84761566870932	SBTPD	
14.1325789520922	O16GLCT2	
27.9908309721225	UPLA4FNF	
4.85857997201296	URDGLYCD	
10.7537996694691	PLIPA2E140pp	
18.7533823196001	DHCINDO	
3.41688678082287	DM_4crsol_c	
12.8197036018068	GUR1PPpp	
18.5922898085779	PUNP7_b	
5.96746421768547	TAGURr_b	
14.1325789520922	SELGTHR	
22.7222398931112	DURADx_b	
356	ACOAD3f_b	
9.07436584506882	GLYCDx	
10.341849774767	AB6PGH	
16.0961503466412	GLYAT_b	
22.0816112336816	TARTD	
6.31794152342441	EDTXS3	
6.19703519832067	O16GLCT1	
4.75751325035118	GTHOr_b	
8.31138565047014	QUINDHyi	
5.76393685859313	PYNP2r_b	
13.531522603259	ECOAH5_b	
22.9970612997064	CU1Opp	
16.3194538084558	LPLIPAL1E140pp	
21.9537427390778	3NTD4pp	
8.42750201034672	CFAS180E	
4.949595302671	CLPNS161pp_b	
5.07134589760155	NDPK7_b	
5.35167572464651	RMI_b	
16.9676597109052	PAPA120pp	
70.0381260814935	GAPD_b	
7.84494481662741	CTBTCAL2	
6.2019908206647	TMDPP_b	
53.1524935888073	UDPG4E	
19.2183185651919	PLIPA1A120pp	
19.440284535597	PPTHpp	
9.00256637955014	HMPK1	
7.25064876591939	METNA_b	
10.1957746136553	MAN6PI	
7.96759097242003	FCLPA_b	
5.76332229126599	FALDH2_b	
14.1325789520922	ARBTNR1	
6.6833968551003	G1SAT_b	
6.29087964911215	FDMO3	
12.6451091022919	MANPGH	
6.32150383138407	RMK	
7.54961253966413	ASNN	
18.8282093195665	MTHFD_b	
60.9399212836141	LPLIPAL2ATE141	
6.7523723830486	FHL	
14.1325789520922	CPGNR3	
6.60197172550686	LYSAM_b	
7.22516165822894	ACACT1r_b	
6.53829788537226	SBTPD_b	
21.6425991513373	UAGAAT_b	
14.4370563752109	GPDDA1	
39.149077156915	G3PD6	
5.35167572464651	RMI	
10.7537996694691	PLIPA2E160pp	
60.9399212836141	LPLIPAL2ATE181	
41.6517242342344	3AMACHYD	
3.33744250073237	4HTHRA_b	
11.3033957407599	URACPAH	
7.73272914476094	GALCTD	
10.5533836284025	ALCD2x_b	
3.32750574421132	PDX5PO2	
9.1e-05	OPMEACPD	
120.40415251836	RPI_b	
5.75735046248501	HADPCOADH3_b	
4.27830584222986	2AGPEAT140	
6.60197172550686	LYSAM	
5.16779470190159	DHCIND	
24.9412421205754	23PDE7pp	
20.8067764969771	LDH_D_b	
320.762753520128	ACKr_b	
5.97053657094509	CCGS	
6.22246300009095	HACD1_b	
20.3139791833709	PHETA1_b	
6.54026436603574	CYSTRS	
0.683201038913556	DHNCOAT	
6.25704495866425	HACD2_b	
70.9551139784491	LPLIPAL2G180	
7.20073662862541	YUMPS_b	
12.3459265445801	G6PDH2r_b	
6.54026436603574	ILETRS	
14.1325789520922	ARBTNR3	
6.55692163777932	FCLK	
5.95572870045351	GUI2	
11.7706732280931	LIPATPT	
4.29065074800568	UGLCURPpp	
26.4845496436311	IDOND2	
6.05596664911473	NDPK2_b	
7.21837245614033	ALR2	
4.26710833801534	APCS	
10.157757624107	SERAT_b	
5.64694381091642	GALCTLO	
6.23343768080963	DHPTPE_b	
6.54026436603574	ARGTRS	
5.36360113159844	CHOLD	
9.57e-05	OGMEACPS	
21.8287269409359	CBMKr_b	
6.29087964911215	FDMO6	
5.93571799059276	ATHRDHr	
22.6470341696899	DC6PH	
7.40701886614873	PYROX	
6.54026436603574	PROTRS	
5.56551811436266	DHMPTR	
5.94746483433418	APPLDHr	
33.7198546749132	MNNH	
86.8866356040527	GALKr	
7.05493128586977	CYSTA	
3.84509092381357	AHGDx_b	
8.49633380346128	XYLK2	
6.5760235412013	M1PD_b	
33.3731597285484	PGPP140	
7.39349607059153	PYDXPP	
12.702060036899	ACONTa_b	
5.54421888697013	NADPHXD	
14.1325789520922	H2SO	
7.45089023981007	MALTATr	
13.5311904775331	CDGS	
3.9488237038152	DURIPP_b	
6.54026436603574	GLYTRS	
60.9399212836141	LPLIPAL2ATG120	
0.0133419286015386	OMBZLM	
14.8363565861348	DAPE_b	
6.54026436603574	TYRTRS	
8.35689008733074	UDPGD	
8.17787745477089	BSORy	
16.3194538084558	LPLIPAL1G160pp	
3.78736509301032	KARA1_b	
0.00257808962634552	LIPOCT	
33.5048559640593	MTHFC_b	
8.56879850392903	NMNAT	
3.28206581081228	F1PP	
19.2183185651919	PLIPA1A180pp	
4.67933517568821	BWCOS	
9.67741894601476	NDPK1_b	
17.3024053604118	NTD9pp	
3.38190933710789	MLTP2_b	
11.6285888435292	NNDMBRT	
5.71796624690977	DHBD_b	
24.9412421205754	23PDE2pp	
6.54026436603574	HISTRS	
6.54384597382893	LSERDHr_b	
16.3194538084558	LPLIPAL1A141pp	
3.38190933710789	MLTP1_b	
68.673625342829	ENO_b	
3.50210030846351	SHCHCS3	
3.96269305821496	UDPGDC	
10.1089184986542	ULA4Ntppi	
12.8197036018068	CLPNH160pp	
12.835497303321	ECOAH7_b	
5.73475014712646	3HCINNMH	
6.29087964911215	FDMO4	
16.3194538084558	LPLIPAL1E180pp	
0.0133419286015386	AMMQLT8	
6.92589213957476	3HBZCT	
0.29951252665605	RNDR4	
6.89005553020675	ACOXT_b	
7.91377087589054	FACOAL80t2pp	
8.50596574781977	S2FE2SR	
5.95572870045351	GUI1_b	
8.29965923722674	RHMND_b	
22.6470341696899	NACODA	
73.5351271880204	AKGDH	
110.352952443697	IPPMIa_b	
4.67933517568821	WCOS	
5.79890677379566	FE3DHBZS3R	
19.2183185651919	PLIPA2A141pp	
60.9399212836141	LPLIPAL2ATE180	
20.9564430124409	CDPPH	
7.67514104450385	DDGLK	
7.91377087589054	FACOAL60t2pp	
21.0017209929976	PTHRpp	
10.7984207007903	NO3R2bpp	
0.004	PMEACPE	
15.8060012194203	NTD11pp	
5.26e-05	OPMEACPR	
4.27830584222986	2AGPGAT180	
70.9551139784491	LPLIPAL2E161	
5.86685213809256	ACACT3r_b	
5.26e-05	OGMEACPR	
12.1207185944742	NTPP4	
4.42736783437002	DHFR_b	
7.17711069342902	ALAALAD	
60.9399212836141	LPLIPAL2ATE161	
0.42509131330408	PERD_b	
276.485032638806	PGM_b	
11.7171019105839	PHYTSpp	
7.94967517744325	2DGULRGy	
12.1774551184445	ADSL1r_b	
5.13795333895422	ALDD19xr	
15.8060012194203	NTD3pp	
5.73475014712646	3HPPPNH	
6.88501156036144	XYLI1_b	
3.28313773971342	GLYCTO4	
5.07134589760155	NDPK3_b	
0.43501507610676	OPHHX	
9.74904608686967	SPMDAT1	
5.26519589876188	OMMBLHXy	
5.97805153408351	HCO3E_b	
25.1652984052316	OXCDC	
7.91377087589054	FACOAL100t2pp	
7.65295096835558	CURR	
12.2062522431945	PCNO_b	
278	ACOAD6f_b	
12.3690225993407	HYD3pp	
19.5741993920429	HOPNTAL	
14.1325789520922	OXAMTC	
12.3130464319242	ACACT8r_b	
4.27830584222986	2AGPEAT161	
14.5905993785821	CDAPPA180	
27.2430167123806	FBA3_b	
4.87786505085693	FALDH2	
14.1325789520922	FE3HOXR1	
7.31518304078335	YUMPS	
8.01083747359174	ACACT4r_b	
5.98679926956662	ALLPI_b	
6.50749299599942	DHNPTE	
13.678526406088	FACOAE100	
185	GLUDy_b	
9.34074844522538	XYHDL	
5.32855487393035	MALDDH	
5.64532486823644	APH160	
7.7120057266492	NHFRBO	
13.2100159747178	SPODMpp	
5.89027829518053	DDPGALA_b	
6.89005553020675	ACOXT	
0.0219068585633886	OHPHM	
10.0068223306195	PSCVT_b	
7.69522614026085	E4PP	
7.28575100661646	SELNPS	
21.5106952985364	TGBPA_b	
8.17613942231003	UDPKAAT_b	
3.47298546198547	DNMPPA	
8.14837102939885	CRNBTCT_b	
8.29743706957731	CYSDDS	
3.92007383177679	DADK_b	
7.54082956772798	ARABDI_b	
16.3010071173973	G1PPpp	
15.8060012194203	NTD6pp	
9.77997281085205	SELGTHR3	
7.55984792854927	NODOy	
9.36169757281227	TKT2_b	
13.4965738518818	MAN6PI_b	
8.32120067419343	OP4ENH	
12.8197036018068	UDCPPtppi	
10.2131134699155	GAL1PPpp	
16.3194538084558	LPLIPAL1G140pp	
24	AGPR_b	
15.8060012194203	NTD8pp	
8.1445963560195	AMALT4	
23.1856286761843	INOSTO_b	
43.9976219143484	ATHRDHr_b	
10.0465844885282	TMAOR1	
10.0373918643451	DXYLTD_b	
12.9139520235646	ACOTA_b	
21.0017209929976	G2PPpp	
84.760994217943	GLCRD	
14.6479591443544	SQVOSI	
9.41371178700294	AMANK	
13.6554266937406	ECOAH4_b	
8.48131124326115	CINNDO	
9.43196005260989	HPACOAT	
48.9067788360235	P5CD	
0.169010959151894	PROD2	
10.9576500530258	TKT1_b	
8.36158948703022	FCLPA	
6.5852709536791	O16AP3pp	
6.71948261035315	ICHORS	
9.29941870599852	NADPHXE	
14.1325789520922	FECRMR3	
60.9399212836141	LPLIPAL2ATE160	
18.6337640884861	ASAD_b	
4.83672099497515	DHPTDNRN	
13.0504166462609	DMSOR2pp	
7.34225466894063	CDGR	
8.9119778017279	CYTK1_b	
4.27830584222986	2AGPEAT141	
13.4542965656053	NTRIR4pp	
7.66113765671388	ALTRH	
11.8110161530733	ARGSL_b	
7.17415862680257	CBLAT_b	
12.6592136826489	PGSA160	
0.61138890662873	SUCBZS	
14.1325789520922	CPGNR2	
12.3521936260443	GPDDA5pp	
267.02594272906	HPYRI_b	
60.9399212836141	LPLIPAL2ATG141	
3.30405431459374	OMPHHXy	
15.7032406798118	ACP1p	
368.156156872851	PPKr_b	
4	PGAMT_b	
129.23324311666	TPI_b	
9.85691693936135	KDUI	
10.8968096821967	FEENTERES	
41.0558867475998	ATPS4rpp_b	
16.3194538084558	LPLIPAL1E160pp	
3.61218245230292	PUNP4_b	
13.5311904775331	4HTHRS	
9.32220683804572	PHDA	
14.1325789520922	CPGNR1	
9.8791774614638	CRNCDH_b	
7.48524159294397	3SLAR	
0.134397015539724	E4PD_b	
9.8791774614638	CRNCDH	
4.98740807075617	2DGULRx	
11.9290138022234	RZ5PP	
8.53540788201842	ALLK	
14.1325789520922	FECRMR2	
11.6405723416128	DMSOR2	
13.5090398827475	ECOAH2_b	
5.78547966105236	GHBDHx_b	
7.54082956772798	FCI	
20.5167543333707	TYROXDApp	
5.07134589760155	NDPK4_b	
8.67666543354302	ALATA_L2	
11.4603209935956	HYD1pp	
22.6470341696899	SLNTtpp	
8.6990148311021	GDPTPDP	
6.54026436603574	LYSTRS	
3.28462902599731	I2FE2SR	
5.94746483433418	LALDO2x	
9.83517080876102	RPNTPH	
8.28007308107699	ACACT2r_b	
41.7711881918955	CTECOAI8_b	
3e-05	EPMEACPR	
19.2183185651919	PLIPA2A160pp	
5.28947600988182	QUINDH	
7.7935251969048	3KGK	
15.8060012194203	NTD1pp	
3.28279311621632	PYK4	
36.7833834874228	CRNCAR	
0.21079347427593	CLPNS161pp	
11.6405723416128	TMAOR2	
3.28314382507536	PYK3	
8.78250755353721	PDE4	
10.6147423842663	ASPK_b	
70.9551139784491	LPLIPAL2G161	
0.797018233205693	PUNP3_b	
11.4429682428518	F6PA_b	
5.38004036809284	RBP4E	
10.2269643957335	COLIPAKpp	
15.0049993633707	PFK_2	
95.9820545568523	DSBDR	
0.204043245148785	CBLAT	
12.8197036018068	CLPNH181pp	
0.052912548720704	OMMBLHX	
9.04301914105289	POAACR	
78.6920349312527	LPLIPAL2A160	
9.98306523174808	METGLCUR	
356	ACOAD4f_b	
12.8197036018068	CLPNH141pp	
9.68776117812554	ALDD2x	
10.2218166932244	CPL	
5.66311126869771	3OAR60_b	
4.949595302671	CLPNS141pp_b	
8.02979614061208	TEO2M	
36.7833834874228	CRNCAR_b	
6.68041709674797	BUTCT	
8.42750201034672	CFAS180G	
6.85884192583395	RNDR1b	
6.23040391550792	4ABZGLUH_b	
13.8336211394513	SFGTHi	
8.89065272191197	NO3R1bpp	
4.6092320763004	CPH4S	
14.1325789520922	FE3HOXR2	
6.28813738741624	O16GALFT	
0.295482347833575	OMPHHX	
6.59778308232384	3OXCOAT	
5.46884904179311	CHOLID	
7.11984541878741	FRULYSK	
83.0272448453371	A5PISO_b	
16.4614886518363	FE3DCITR5	
10.5422327038766	CXSAMS	
6.35332337312877	ALDD19xr_b	
4.27830584222986	2AGPEAT160	
11.7171019105839	NTP3pp	
4.54058177114775	LKDRA	
32.2022536372637	FA140ACPHi	
12.8197036018068	DHBSH	
7.84494481662741	CRNDCAL2	
32.762171277202	GLUR_b	
9.87477281963863	APG3PAT140	
9.72298155344663	NMNN	
15.9448570262625	NTP10	
5.2334005566775	CLPNS141pp	
13.0144703891317	LACZ	
16.9676597109052	PAPA180pp	
5.66311126869771	3OAR120_b	
55	CTECOAI7_b	
3.31883883080054	OPHHX3	
6.23343768080963	DHPTPE	
9.63086192408184	NTP11	
2.1446363890821	MLDCP1App	
10.5007897027625	AAMYLpp	
5.66323224437527	ALDD3y	
3.32685814425622	MPTS	
9.14456100180362	UMPK_b	
1.75119947292763	MDDEP3pp	
13.5311904775331	GUACYC	
10.1632223181602	GK1_b	
7.01854335443396	LCARS	
7.12300955302751	ALAR_b	
16.3194538084558	LPLIPAL1A140pp	
19.9287512702345	NTPP6	
14.1325789520922	FEENTERR1	
12.0784608676325	FORCT	
9.77997281085205	SELGTHR2	
4.79906331523554	PACCOAE	
12.2898542905242	ASCBPL	
5.87769280281901	ARAI_b	
3.29693227872121	MOX	
12.8197036018068	SELCYSS	
7.50495570572763	DKGLCNR1	
13.4208419454982	AMANAPEr	
5.70265352420519	ALDD4	
0.029991639009848	NDPK6	
26.798450811193	PGPP160	
19.2183185651919	PLIPA2A180pp	
9.29941870599852	NADHXE_b	
12.8197036018068	CLPNH140pp	
8.14837102939885	CRNCBCT	
6.29087964911215	FDMO	
22.6470341696899	ACGAL1PPpp	
9.98492026055118	HETZK	
12.8197036018068	PPKr	
5.77921156740107	ACACT7r_b	
7.3380250082382	ADK3_b	
5	TRPAS2_b	
7.50801435329467	UDPGPT_b	
3.39425059050586	DM_mththf_c	
29.1152175038775	IDOND_b	
15.8619296332902	GP4GH	
7.41711643919261	6D6SFK	
4.61027471072257	DSBCGT	
26.0925894155051	3NTD9pp	
4.44671650209795	2DDARAA_b	
78.6920349312527	LPLIPAL2A180	
4.29065074800568	UDPGPpp	
36.947400853666	PRPPS_b	
6.00128652411287	ACANTHAT	
6.54026436603574	ALATRS	
10.7537996694691	PLIPA2G160pp	
6.75581212870909	INOSTO	
7.25064876591939	METNA	
16.3194538084558	LPLIPAL1A160pp	
7.63898671760847	BETALDHy	
9.78017358694592	BMOGDS2	
22.6470341696899	ACGAM1PPpp	
10.9780613420595	DHACOAH	
14.1325789520922	FECRMR1	
29.7627459908217	LCARS_b	
12.0817807384531	GALCTND	
14.9811492626551	NTPP2	
12.8197036018068	CLPNH161pp	
5.51015809942923	ALPATG160pp	
11.3096437646949	TMAOR2pp	
14.4904842323542	ASR	
6.17234523457795	HADPCOADH3	
6.28449082904548	HACD4_b	
7.0100863743819	ALLULPE	
10.7326347222725	O16AP1pp	
9.43165489858234	MLDCP1Bpp	
6.11071541451978	SELR	
60.9399212836141	LPLIPAL2ATG180	
5.51175660716486	NADHXD	
6.25521897159379	AMPNTAT	
5.66311126869771	3OAR140_b	
3.29832021636678	MOGDS	
6.11462720336892	TMK	
80.8575378141401	ORPT_b	
3.61218245230292	PUNP6_b	
41.0772902141259	ACALD_b	
17.9036203644542	O16AUNDtpp	
13.4963772115735	NTPP9	
3.61218245230292	PUNP5_b	
6.85147503011835	PUACGAMS	
67.4405872256222	MI1PP	
81.3177019658477	CITL	
37.564156745734	MICITDr_b	
8.68568584351256	PPAKr_b	
15.6674143737912	TYRPpp	
6.06330742855276	OXDHCOAT	
6.85935268596047	X5PL3E	
16.9676597109052	PAPA160pp	
26.8249540642409	HACD8_b	
22.4148082256332	R1PK	
8.45670598626436	DGK1_b	
67.4405872256222	G2PP	
1.13902792635075	CPMPS	
16.3816873656339	LIPACabcpp	
8.1445963560195	AMALT3	
12.2318421292692	AMPTASEPG	
4.59109056305994	GOFUCR	
32.2022536372637	FA161ACPHi	
7.45089023981007	GLCATr_b	
3.58216518716408	PUNP2_b	
6.98569338680191	AICART_b	
8.1445963560195	AMALT2	
12.8197036018068	FMETTRS	
18.2921770402979	2HPTCOAT	
7.5	SDPTA_b	
10.6920882280843	PRCPD	
111.890403442209	HSDy_b	
7.15844114002346	SERASr_b	
16.3194538084558	LPLIPAL1G141pp	
4.29065074800568	UDPGALPpp	
6.5560852954136	DSBGGT	
5.87769280281901	ARAI	
39.149077156915	G3PD7	
10.7537996694691	PLIPA2A161pp	
31.3414776416144	NTRIR2x	
8.43955340625552	XYLI2_b	
5.2334005566775	CLPNS180pp	
9.99140521868654	FRULYSDG_b	
12.8197036018068	DM_oxam_c	
6.5852709536791	O16AP2pp	
17.3024053604118	NTD7pp	
4.949595302671	CLPNS160pp_b	
6.29087964911215	FDMO2	
12.4124409421081	NDPK5_b	
8.77203237400417	13PPDH2_b	
51.9313402919591	NADTRHD	
9.6171453462001	FUM_b	
6.70410633993799	CYSSADS	
59.0283029676531	MDH_b	
16.9676597109052	PAPA141pp	
6.18946170505935	M1PD	
0.0529857234721957	DHNCOAS	
8.02077425530949	ADK1_b	
9.72394783647555	GMAND	
10.7537996694691	PLIPA1E161pp	
12.3690225993407	HYD2pp	
10.4218852696745	ADOCBLS	
7.97889534947856	PNSPA	
19.2183185651919	PLIPA2A140pp	
3.38190933710789	MLTP3_b	
6.54026436603574	ASNTRS	
3.61197336627097	ACBIPGT	
4.93303445876218	DSBAO1	
20.5167543333707	PEAMNOpp	
5.20258423265415	ADK4_b	
60.9399212836141	LPLIPAL2ATE120	
8.64883988249267	NO3R2pp	
14.1325789520922	FEENTERR3	
20.4250792633978	TREHpp	
40.4785951254567	HKNTDH	
4.27830584222986	2AGPEAT180	
10.7537996694691	PLIPA2G161pp	
7.975868974899	ACACT6r_b	
5.06552584681538	3OAR180_b	
1.15761426700864	IPDDI_b	
18.1800830767426	S2FE2ST	
13.2447698987952	2DOXG6PP	
42.5845389491717	SUCOAS_b	
15.8060012194203	NTD12pp	
49.2529379595513	VPAMTr_b	
40.7055797862128	5DKGR	
7.94967517744325	2DGULRy	
6.54026436603574	METTRS	
5.2025136344983	UGLT_b	
5.81896337114245	TAUDO	
9.74904608686967	SPMDAT2	
0.68	MPTAT	
12.3521936260443	GPDDA1pp	
5.64532486823644	APH140	
0.0219068585633886	DMQMT	
8.42750201034672	CFAS160G	
9.52957749614555	MCPST	
5.94913740240481	DGUNC	
0.00379938258082894	DBTS	
3.4184394105812	DM_5drib_c	
5.3890526219887	MANAO	
4.69482933757065	T2DECAI_b	
5.3927538893854	3HPADHi	
9.36097510133393	GALM2pp	
7.60371445073628	NNATr_b	
18.7533823196001	HPPPNDO	
6.01102216922935	KARA2_b	
19.0532877363441	VALTA_b	
10.0193056436704	13PPDH2	
5.07134589760155	NDPK6_b	
33.3731597285484	PGPP160pp	
32.2022536372637	FA120ACPHi	
5.41256299739385	NODOx	
12.4312965588633	GLUN	
7.78333378888225	MDDCP1pp	
11.1035561824413	DC6PDA	
5.52112613019445	APPLDHr_b	
13.5311904775331	THRAi	
26.0925894155051	3NTD7pp	
14.1325789520922	FEENTERR2	
6.68279883045761	BETALDHx	
6.81788349495952	ACNML	
8.05395627705488	CYANST	
4.95179587352808	GGGABADr_b	
0.002	BTS5	
10.1045867962457	ACACCT	
7.50801435329467	UDPGPT	
6.93750206832537	DURADx	
11.1805285354586	PUACGAMS_b	
141.171248093136	ACOAD8f_b	
6.66152780293822	MCITL2_b	
5.64532486823644	APH120	
0.02	MOCOS	
6.50749299599942	DHNPTE_b	
4.45119086529593	ARHGDx_b	
15.8060012194203	NTD5pp	
4.29065074800568	UACGAMPpp	
78.6920349312527	LPLIPAL2A120	
4.29065074800568	UACGALPpp	
19.2183185651919	PLIPA1A140pp	
7.84494481662741	CRNCAL2	
16.3194538084558	LPLIPAL1A161pp	
12.8240192629504	PGLYCP	
8.67347196877192	DTMPK_b	
6.98183293351835	HACD5_b	
33.6251684461842	RNDR2	
15.7440617950712	DAPAL	
14.1669615376595	ACONTb_b	
13.5311904775331	THRA2i	
9.78017358694592	BWCOGDS1	
10.0465844885282	DMSOR1	
5.66311126869771	3OAR80_b	
356	ACOAD1f_b	
13.4208419454982	AMANAPEr_b	
22.6470341696899	SELtpp	
6.38081875530872	XYLK	
5.51015809942923	ALPATE160pp	
42.9726094350002	G3PD2_b	
1.47410682561451	SEPHCHCS	
1.39673307324372	SUCBZL	
5.916114222538	LIPAMPL	
234.737594641894	RPE_b	
0.000241778468067115	LIPOS	
0.001	AMAOTr	
5.82917536506072	HACD7_b	
20.2428316763182	NMNDA	
8.48131124326115	PPPNDO	
8.14837102939885	CRNCBCT_b	
7.72949835479362	RBK_L1	
10.2677467833159	UPLA4FNT	
60.9399212836141	LPLIPAL2ATG161	
30.1326412593048	AIRC3_b	
4.949595302671	CLPNS181pp_b	
6.54026436603574	LEUTRS	
70.9551139784491	LPLIPAL2G140	
22.6470341696899	NADN	
12.8197036018068	CLPNH180pp	
6.45309523398801	GHBDHx	
165.651619616071	PTAr_b	
9.66703987066147	NTP3	
65.0207730024042	THRA2	
11.0171500568784	CDGUNPD	
28.3362824926326	ALAALAr_b	
9.29941870599852	NADHXE	
12.0858394364867	ECOAH1_b	
4.80484263429064	GLTPD	
14.1325789520922	ARBTNR2	
22.6470341696899	FFSD	
9.1e-05	OGMEACPD	
12.8197036018068	PPK2r	
6.54026436603574	TRPTRS	
8.00707222190863	ThDPAT	
20.9564430124409	NDP7	
3.28333714722111	DM_amob_c	
4.81595877778011	GLCRAL	
7.94967517744325	DKGLCNR2y	
1.7	MPTSS	
17.3024053604118	NTD2pp	
3e-05	EGMEACPR	
9.29941870599852	NADPHXE_b	
5.99250249426982	DHPTDNR	
8.62007041767261	ALLULPE_b	
5.89775281528862	MANAO_b	
9.23547561261836	LDGUNPD	
80.2014089960751	TRSARr_b	
60.9399212836141	LPLIPAL2ATG140	
4.949595302671	CLPNS140pp_b	
24.9412421205754	23PDE4pp	
8.44090400765777	FACOAE140	
50.6456147443905	FBA_b	
10.730580277584	LALDO3	
0.14	UDCPDPS	
12.8197036018068	CLPNH120pp	
13.0504166462609	DMSOR1pp	
7.17415862680257	CBIAT_b	
47.1613388091059	FRULYSDG	
60.9399212836141	LPLIPAL2ATG181	
6.93633528106696	UDPKAAT	
6.54026436603574	GLNTRS	
10.0866261151077	O16AT	
13.6255610320451	ADSL2r_b	
5.2334005566775	CLPNS120pp	
7.17340001902784	ACPS1	
3.28347896738899	OCTNLL	
7.07829146361377	NDPK8_b	
8.52388734035983	CYANSTpp	
114.571049242897	PGK_b	
0.356291178941366	DHNAOT4	
11.2054125246455	ECOAH6_b	
10.6277896303531	OCBT_b	
0.247394389254112	CLPNS160pp	
10.6384719001763	DSERDHr_b	
6.9754367307807	HACD3_b	
5.98679926956662	ALLPI	
4.98740807075617	DKGLCNR2x	
5.22588898424484	URIC	
356	ACOAD5f_b	
128	ACOAD7f_b	
71.9441726515919	PGMT_b	
21.0017209929976	R5PPpp	
6.45858649757649	RMPA_b	
5.83820200407307	DOGULNR	
3.94877616119486	UAG2E_b	
14.1325789520922	FE3HOXR3	
16.3194538084558	LPLIPAL1E141pp	
9.88480731519341	ARMEPNS	
4.98740807075617	2DGULRGx	
8.26488093467909	FRULYSE_b	
0.415177196960515	AACPS1	
10.3290088886071	ACONMT	
21.0017209929976	PSP_Lpp	
121.10253184581	UDPG4E_b	
1.56860107820385	RNDR4b	
20.5167543333707	42A12BOOXpp	
7.45089023981007	GLCATr	
33.3731597285484	PGPP161pp	
4.27830584222986	2AGPGAT141	
12.2514628892924	AAMYL	
6.54026436603574	SERTRS2	
22.6935382139956	AP5AH	
8.45874420054375	ILETA_b	
5.84979759306616	GDMANE	
6.02081435837576	MSAR	
32.2022536372637	FA160ACPHi	
6.54026436603574	PHETRS	
4.56427321655228	ULA4NFT	
8.56416014799677	REPHACCOAI_b	
7.79958936375767	CBIAT	
7.54082956772798	ARABDI	
16.3292691246309	LACZpp	
4.75848947844236	CYNTAH	
0.445764498674099	HEMEOS	
19.2183185651919	PLIPA1A160pp	
14.9031987512286	MLTG2	
5.22588898424484	AACTOOR	
4.949595302671	CLPNS120pp_b	
16.2714114428206	TPRDCOAS	
6.37643326100858	RBP4E_b	
219.871561047833	FRUK	
80.5344342196906	UGLT	
8.51627818790513	CYTBDpp	
6.58274734195207	OXCOAHDH	
13.2549225867173	EDTXS4	
9.96477057818195	BSORx	
51.1837096140852	PRAGSr_b	
13.687225030818	HEX4	
10.7649039385675	HCYSMT2	
9.35832351964338	DDGALK	
7.71480612016353	LA4NTpp	
10.7537996694691	PLIPA1G180pp	
44.1917064260468	5DGLCNR	
6.54026436603574	ASPTRS	
24.9412421205754	23PDE9pp	
9.68776117812554	LCARR	
6.17608312220086	HACD6_b	
5.49415034353821	TAGURr	
10.7537996694691	PLIPA2E141pp	
8.64883988249267	NO3R1pp	
11.3096437646949	TMAOR1pp	
6.54026436603574	VALTRS	
10.7537996694691	PLIPA2E161pp	
5.66311126869771	3OAR100_b	
8.56416014799677	REPHACCOAI	
44.3275828780912	PPM_b	
3.29875591487523	MOADSUx	
4.949595302671	CLPNS180pp_b	
3.28280292496259	PYK2	
25.527196271437	PGPP161	
9.84665229189934	PGSA161	
12.0883257323105	FTHFLi	
12.0784608676325	FORCT_b	
16.9676597109052	PAPA161pp	
6.37753797673125	ICDHyr_b	
6.54026436603574	SERTRS	
16.324331259361	BGLA1	
4.43089962500847	KG6PDC	
16.3194538084558	LPLIPAL1A180pp	
32.7526628660403	CTECOAI6_b	
4.07364397216986	LKDRA_b	
6.03208886180558	IDOND	
3.3809994505017	PYAM5PO	
8.78925762287418	PRMICI_b	
11.8847026786785	IMPC_b	
16.3194538084558	LPLIPAL1G161pp	
11.4611602967879	SQGH	
0.00245481662751423	MALCOAMT	
36.924305260043	ACPPAT140	
8.67666543354302	ALATA_D2	
42.8230486229967	MC6PH	
7.65295096835558	DHCURR	
17.3024053604118	NTD4pp	
33.3731597285484	PGPP141pp	
7.54082956772798	FCI_b	
12.5008625464818	TALA_b	
8.96441322758818	GHMT2r_b	
10.7537996694691	PLIPA2G141pp	
277.255143103062	IPPMIb_b	
6.62442182306535	ADK4	
22.550645175314	ALCD19_b	
17.3211657042649	TGBPA	
10.9780613420595	DHACOAH_b	
8.1445963560195	AMALT1	
8.94950886449833	UDPGALM	
11.2057502921497	ECOAH8_b	
22.6470341696899	ALLTAMH	
5.95572870045351	GUI2_b	
11.4800725699084	FLDR2	
8.42750201034672	CFAS160E	
6.08420064497371	RU5PP	
8.87295574194234	PPM2_b	
5.86685213809256	ACACT5r_b	
6.88501156036144	XYLI1	
5.10262669448315	SARCOX	
6.70053017457135	ALAGLUE_b	
5.10262669448315	MTRPOX	
16.3194538084558	LPLIPAL1E161pp	
10.0716945436083	2HESR	
23.6754810704787	GARFT_b	
3.73833877568561	CYSDS	
8.34021627303796	CYTK2_b	
0.01	PUNP1_b	
14.4447035079095	GALS3	
3.35992228435343	MOCDS	
5.16779470190159	DHPPD	
8.29965923722674	RHMND	
14.3002400767693	DHORTS_b	
22.6470341696899	HYPOE	
12.901700505449	MCOATA_b	
10.7537996694691	PLIPA2E180pp	
9.78017358694592	BMOGDS1	
9.72298155344663	CMPN	
7.97479082251521	AMAOTr_b	
8.14837102939885	CRNBTCT	
2.62e-05	OPMEACPS	
7.38416285367725	ARHGDx	
0.00177887784592734	AOXSr2	
3.28274965624399	DHORDfum	
13.4542965656053	NTRIR3pp	
60.9399212836141	LPLIPAL2ATG160	
18.3123222720833	MDDEP2pp	
26.1973199145951	ALATA_L_b	
3.28353278683241	GLYCTO3	
6.3869982316261	DDPGALA	
10.3226638115809	NTP12	
12.3580625736735	PCNO	
26.0925894155051	3NTD2pp	
30.295743086643	ICHORS_copy2_b	
105.549374987197	PGI_b	
5.35167572464651	LYXI	
11.0650875369486	PPDOy	
7.88288000368347	PYDXK	
40.5940989045039	LCARSyi	
14.9031987512286	MLTG1	
6.54026436603574	THRTRS	
12.3521936260443	GPDDA3pp	
78.6920349312527	LPLIPAL2A140	
5.77471066931013	DHNPA2r_b	
14.4370563752109	GPDDA3	
12.096336840044	TYRTA_b	
13.5216641984178	METSOXR2	
4.93303445876218	DSBAO2	
8.4755108185456	PMANM_b	
10.7537996694691	PLIPA2G140pp	
3.60529488225729	ADOCBIK	
11.4950407883335	GALKr_b	
